phenotype,variant,gene,phenotype_name,,,,,
hct_vena_mean,10_90713603,ACTA2,%Hct,,,,,
hb_vena_mean,10_90713603,ACTA2,[Hb] g/dL,,,,,
hb_vena_mean,13_24844979,SPATA13,[Hb] g/dL,,,,,
hb_vena_mean,17_38137033,PSMD3,[Hb] g/dL,,,,,
hb_vena_mean,17_38137364,PSMD3,[Hb] g/dL,,,,,
hct_vena_mean,17_38137033,PSMD3,%Hct,,,,,
hct_vena_mean,17_38137364,PSMD3,%Hct,,,,,
hct_vena_mean,12_95943104,USP44,%Hct,,,,,
hct_vena_mean,19_9695494,ZNF121,%Hct,,,,,
hct_vena_mean,12_133339113,ANKLE2,%Hct,,,,,
hct_vena_mean,1_75175886,CRYZ,%Hct,,,,,
hct_vena_mean,1_75199214,TYW3,%Hct,,,,,
hct_vena_mean,1_75199615,TYW3,%Hct,,,,,
hct_vena_mean,1_75214441,TYW3,%Hct,,,,,
hct_vena_mean,2_234652717,UGT1A10,%Hct,,,,,
hct_vena_mean,11_17298125,NUCB2,%Hct,,,,,
hb_vena_mean,12_133339113,ANKLE2,[Hb] g/dL,,,,,
hct_vena_mean,13_24844979,SPATA13,%Hct,,,,,
hb_vena_mean,1_2716624,TTC34,[Hb] g/dL,,,,,
hb_vena_mean,11_17298125,NUCB2,[Hb] g/dL,,,,,
hb_vena_mean,12_133338893,ANKLE2,[Hb] g/dL,,,,,
hb_vena_mean,12_95943104,USP44,[Hb] g/dL,,,,,
hb_vena_mean,10_13391322,SEPHS1,[Hb] g/dL,,,,,
hct_vena_mean,1_2716624,TTC34,%Hct,,,,,
hb_vena_mean,19_3801572,MATK,[Hb] g/dL,,,,,
hb_vena_mean,1_75175886,CRYZ,[Hb] g/dL,,,,,
hb_vena_mean,1_75199214,TYW3,[Hb] g/dL,,,,,
hb_vena_mean,1_75199615,TYW3,[Hb] g/dL,,,,,
hb_vena_mean,1_75214441,TYW3,[Hb] g/dL,,,,,
hb_vena_mean,2_234652717,UGT1A10,[Hb] g/dL,,,,,
hb_vena_mean,7_7221427,C1GALT1,[Hb] g/dL,,,,,
hb_vena_mean,7_7221968,C1GALT1,[Hb] g/dL,,,,,
hct_vena_mean,12_133338893,ANKLE2,%Hct,,,,,
hb_vena_mean,9_113019508,TXN,[Hb] g/dL,,,,,
hb_vena_mean,9_113018972,TXN,[Hb] g/dL,,,,,
hb_vena_mean,9_113018982,TXN,[Hb] g/dL,,,,,
hb_vena_mean,9_113019002,TXN,[Hb] g/dL,,,,,
hct_vena_mean,11_17298365,NUCB2,%Hct,,,,,
hct_vena_mean,7_8301583,LOC100505938,%Hct,,,,,
hb_vena_mean,12_123867994,KMT5A,[Hb] g/dL,,,,,
hb_vena_mean,19_9695494,ZNF121,[Hb] g/dL,,,,,
hb_vena_mean,11_17298365,NUCB2,[Hb] g/dL,,,,,
hct_vena_mean,10_13391322,SEPHS1,%Hct,,,,,
hb_vena_mean,6_42044945,TAF8,[Hb] g/dL,,,,,
hb_vena_mean,9_80263849,GNA14,[Hb] g/dL,,,,,
hct_vena_mean,3_111578124,PHLDB2,%Hct,,,,,
hct_vena_mean,19_53030848,ZNF808,%Hct,,,,,
hb_vena_mean,1_206758077,RASSF5,[Hb] g/dL,,,,,
hb_vena_mean,20_14307388,FLRT3,[Hb] g/dL,,,,,
hb_vena_mean,3_56591065,CCDC66,[Hb] g/dL,,,,,
hb_vena_mean,21_44527669,U2AF1L5,[Hb] g/dL,,,,,
hct_vena_mean,6_42044945,TAF8,%Hct,,,,,
hct_vena_mean,9_99697711,NUTM2G,%Hct,,,,,
hct_vena_mean,9_113019508,TXN,%Hct,,,,,
hct_vena_mean,9_113018972,TXN,%Hct,,,,,
hct_vena_mean,9_113018982,TXN,%Hct,,,,,
hct_vena_mean,9_113019002,TXN,%Hct,,,,,
hb_vena_mean,7_8301583,LOC100505938,[Hb] g/dL,,,,,
hct_vena_mean,17_56406239,TSPOAP1-AS1,%Hct,,,,,
hb_vena_mean,1_59250418,JUN,[Hb] g/dL,,,,,
hb_vena_mean,1_59250452,JUN,[Hb] g/dL,,,,,
hb_vena_mean,7_129984274,CPA5,[Hb] g/dL,,,,,
hb_vena_mean,8_139927016,COL22A1,[Hb] g/dL,,,,,
hb_vena_mean,1_48937946,SPATA6,[Hb] g/dL,,,,,
hb_vena_mean,19_53289975,ZNF600,[Hb] g/dL,,,,,
hb_vena_mean,6_36990029,FGD2,[Hb] g/dL,,,,,
hb_vena_mean,5_126852940,PRRC1,[Hb] g/dL,,,,,
hct_vena_mean,5_126852940,PRRC1,%Hct,,,,,
hct_vena_mean,7_7221427,C1GALT1,%Hct,,,,,
hct_vena_mean,7_7221968,C1GALT1,%Hct,,,,,
hct_vena_mean,20_14307388,FLRT3,%Hct,,,,,
hct_vena_mean,20_31870090,BPIFB1,%Hct,,,,,
hb_vena_mean,1_206643106,IKBKE,[Hb] g/dL,,,,,
hb_vena_mean,2_170350312,BBS5,[Hb] g/dL,,,,,
hb_vena_mean,3_111578124,PHLDB2,[Hb] g/dL,,,,,
hct_vena_mean,3_56591065,CCDC66,%Hct,,,,,
hct_vena_mean,3_141747640,TFDP2,%Hct,,,,,
hct_vena_mean,21_47649802,LSS,%Hct,,,,,
hct_vena_mean,21_47705673,MCM3AP,%Hct,,,,,
hct_vena_mean,21_47648872,LSS,%Hct,,,,,
hct_vena_mean,21_47706535,MCM3AP,%Hct,,,,,
hct_vena_mean,17_72277879,DNAI2,%Hct,,,,,
hct_vena_mean,2_183731972,FRZB,%Hct,,,,,
hct_vena_mean,1_78470151,DNAJB4,%Hct,,,,,
hb_vena_mean,1_78470151,DNAJB4,[Hb] g/dL,,,,,
hb_vena_mean,19_10024322,OLFM2,[Hb] g/dL,,,,,
hb_vena_mean,8_144623852,ZC3H3,[Hb] g/dL,,,,,
hb_vena_mean,8_144624438,ZC3H3,[Hb] g/dL,,,,,
hct_vena_mean,1_48937946,SPATA6,%Hct,,,,,
hct_vena_mean,1_206758077,RASSF5,%Hct,,,,,
hb_vena_mean,5_10564017,ANKRD33B,[Hb] g/dL,,,,,
hct_vena_mean,21_44527669,U2AF1L5,%Hct,,,,,
hb_vena_mean,17_56406239,TSPOAP1-AS1,[Hb] g/dL,,,,,
hct_vena_mean,16_8956703,CARHSP1,%Hct,,,,,
hct_vena_mean,9_80263849,GNA14,%Hct,,,,,
hct_vena_mean,10_91066769,LIPA,%Hct,,,,,
hb_vena_mean,19_10362425,MRPL4,[Hb] g/dL,,,,,
hb_vena_mean,6_35265418,DEF6,[Hb] g/dL,,,,,
hb_vena_mean,20_31870090,BPIFB1,[Hb] g/dL,,,,,
hb_vena_mean,19_53030848,ZNF808,[Hb] g/dL,,,,,
hct_vena_mean,19_3801572,MATK,%Hct,,,,,
hb_vena_mean,4_120133712,USP53,[Hb] g/dL,,,,,
hb_vena_mean,9_130331884,NIBAN2,[Hb] g/dL,,,,,
hb_vena_mean,9_130331717,NIBAN2,[Hb] g/dL,,,,,
hb_vena_mean,9_130341359,FAM129B,[Hb] g/dL,,,,,
hb_vena_mean,9_130341510,FAM129B,[Hb] g/dL,,,,,
hb_vena_mean,9_130342158,FAM129B,[Hb] g/dL,,,,,
hb_vena_mean,6_147136212,ADGB,[Hb] g/dL,,,,,
hct_vena_mean,12_123867994,KMT5A,%Hct,,,,,
hb_vena_mean,12_25150466,LOC645177,[Hb] g/dL,,,,,
hb_vena_mean,12_125549854,AACS,[Hb] g/dL,,,,,
hct_vena_mean,2_190649582,ORMDL1,%Hct,,,,,
hb_vena_mean,17_72277879,DNAI2,[Hb] g/dL,,,,,
hb_vena_mean,22_40801787,SGSM3,[Hb] g/dL,,,,,
hb_vena_mean,21_47517869,COL6A2,[Hb] g/dL,,,,,
hb_vena_mean,21_47649802,LSS,[Hb] g/dL,,,,,
hb_vena_mean,21_47705673,MCM3AP,[Hb] g/dL,,,,,
hb_vena_mean,21_47648872,LSS,[Hb] g/dL,,,,,
hb_vena_mean,21_47706535,MCM3AP,[Hb] g/dL,,,,,
hb_vena_mean,3_141747640,TFDP2,[Hb] g/dL,,,,,
hb_vena_mean,9_99697711,NUTM2G,[Hb] g/dL,,,,,
hb_vena_mean,2_183731972,FRZB,[Hb] g/dL,,,,,
hb_vena_mean,7_16686501,ANKMY2,[Hb] g/dL,,,,,
hb_vena_mean,2_170220175,LRP2,[Hb] g/dL,,,,,
hct_vena_mean,4_80247342,NAA11,%Hct,,,,,
hct_vena_mean,7_16686501,ANKMY2,%Hct,,,,,
hb_vena_mean,10_91066769,LIPA,[Hb] g/dL,,,,,
hb_vena_mean,11_117965530,TMPRSS4,[Hb] g/dL,,,,,
hct_vena_mean,9_27261826,LINC00032,%Hct,,,,,
hb_vena_mean,4_80247342,NAA11,[Hb] g/dL,,,,,
hb_vena_mean,16_23161179,USP31,[Hb] g/dL,,,,,
hb_vena_mean,16_23161525,USP31,[Hb] g/dL,,,,,
hb_vena_mean,9_33473893,NOL6,[Hb] g/dL,,,,,
hct_vena_mean,2_234725502,MROH2A,%Hct,,,,,
hct_vena_mean,2_234728078,MROH2A,%Hct,,,,,
hb_vena_mean,2_190649582,ORMDL1,[Hb] g/dL,,,,,
hct_vena_mean,3_111577776,PHLDB2,%Hct,,,,,
hct_vena_mean,3_111577787,PHLDB2,%Hct,,,,,
hct_vena_mean,3_111577836,PHLDB2,%Hct,,,,,
hct_vena_mean,3_111577994,PHLDB2,%Hct,,,,,
hct_vena_mean,3_111578045,PHLDB2,%Hct,,,,,
hb_vena_mean,2_234725502,MROH2A,[Hb] g/dL,,,,,
hb_vena_mean,2_234728078,MROH2A,[Hb] g/dL,,,,,
hb_vena_mean,7_20826452,SP8,[Hb] g/dL,,,,,
hct_vena_mean,15_40213192,GPR176,%Hct,,,,,
hct_vena_mean,15_40226294,EIF2AK4,%Hct,,,,,
hct_vena_mean,19_10024322,OLFM2,%Hct,,,,,
hct_vena_mean,7_20826452,SP8,%Hct,,,,,
hct_vena_mean,12_125549854,AACS,%Hct,,,,,
hct_vena_mean,17_66244088,AMZ2,%Hct,,,,,
hct_vena_mean,17_66255207,ARSG,%Hct,,,,,
hct_vena_mean,17_66265367,SLC16A6,%Hct,,,,,
hb_vena_mean,16_28519250,IL27,[Hb] g/dL,,,,,
hct_vena_mean,19_53289975,ZNF600,%Hct,,,,,
hct_vena_mean,6_36990029,FGD2,%Hct,,,,,
hb_vena_mean,20_2796341,C20orf141,[Hb] g/dL,,,,,
hct_vena_mean,11_76917220,MYO7A,%Hct,,,,,
hb_vena_mean,5_137877957,ETF1,[Hb] g/dL,,,,,
hb_vena_mean,3_111577776,PHLDB2,[Hb] g/dL,,,,,
hb_vena_mean,3_111577787,PHLDB2,[Hb] g/dL,,,,,
hb_vena_mean,3_111577836,PHLDB2,[Hb] g/dL,,,,,
hb_vena_mean,3_111577994,PHLDB2,[Hb] g/dL,,,,,
hb_vena_mean,3_111578045,PHLDB2,[Hb] g/dL,,,,,
hct_vena_mean,12_20905250,SLCO1C1,%Hct,,,,,
hb_vena_mean,10_23633566,C10orf67,[Hb] g/dL,,,,,
hb_vena_mean,16_8956703,CARHSP1,[Hb] g/dL,,,,,
hb_vena_mean,9_35072001,VCP,[Hb] g/dL,,,,,
hct_vena_mean,9_35072001,VCP,%Hct,,,,,
hct_vena_mean,4_66535991,EPHA5,%Hct,,,,,
hct_vena_mean,8_81083860,TPD52,%Hct,,,,,
hct_vena_mean,1_206643106,IKBKE,%Hct,,,,,
hct_vena_mean,16_23161179,USP31,%Hct,,,,,
hct_vena_mean,16_23161525,USP31,%Hct,,,,,
hct_vena_mean,4_120133712,USP53,%Hct,,,,,
hb_vena_mean,3_139396734,NMNAT3,[Hb] g/dL,,,,,
hb_vena_mean,1_65613729,AK4,[Hb] g/dL,,,,,
hb_vena_mean,1_65613730,AK4,[Hb] g/dL,,,,,
hb_vena_mean,1_65613816,AK4,[Hb] g/dL,,,,,
hb_vena_mean,1_65614034,AK4,[Hb] g/dL,,,,,
hct_vena_mean,9_116840772,AMBP,%Hct,,,,,
hb_vena_mean,19_3708195,TJP3,[Hb] g/dL,,,,,
hb_vena_mean,19_3708397,TJP3,[Hb] g/dL,,,,,
hct_vena_mean,22_36925497,EIF3D,%Hct,,,,,
hct_vena_mean,8_144623852,ZC3H3,%Hct,,,,,
hct_vena_mean,8_144624438,ZC3H3,%Hct,,,,,
hb_vena_mean,19_51307823,C19orf48,[Hb] g/dL,,,,,
hb_vena_mean,22_36925497,EIF3D,[Hb] g/dL,,,,,
hct_vena_mean,7_100646938,MUC12,%Hct,,,,,
hb_vena_mean,7_18548419,HDAC9,[Hb] g/dL,,,,,
hct_vena_mean,5_10564017,ANKRD33B,%Hct,,,,,
hb_vena_mean,2_241500674,DUSP28,[Hb] g/dL,,,,,
hb_vena_mean,7_100646938,MUC12,[Hb] g/dL,,,,,
hct_vena_mean,22_30820077,SEC14L2,%Hct,,,,,
hb_vena_mean,5_132948390,FSTL4,[Hb] g/dL,,,,,
hb_vena_mean,9_27261826,LINC00032,[Hb] g/dL,,,,,
hb_vena_mean,22_30820077,SEC14L2,[Hb] g/dL,,,,,
hb_vena_mean,21_47558473,FTCD,[Hb] g/dL,,,,,
hct_vena_mean,19_45251156,BCL3,%Hct,,,,,
hct_vena_mean,2_170350312,BBS5,%Hct,,,,,
hb_vena_mean,16_69599803,NFAT5,[Hb] g/dL,,,,,
hb_vena_mean,4_66535991,EPHA5,[Hb] g/dL,,,,,
hct_vena_mean,22_40801787,SGSM3,%Hct,,,,,
hct_vena_mean,14_90722778,PSMC1,%Hct,,,,,
hct_vena_mean,14_90722824,PSMC1,%Hct,,,,,
hct_vena_mean,14_90723000,PSMC1,%Hct,,,,,
hct_vena_mean,14_90723059,PSMC1,%Hct,,,,,
hb_vena_mean,17_66265367,SLC16A6,[Hb] g/dL,,,,,
hb_vena_mean,17_66244088,AMZ2,[Hb] g/dL,,,,,
hb_vena_mean,17_66255207,ARSG,[Hb] g/dL,,,,,
hct_vena_mean,1_59250418,JUN,%Hct,,,,,
hct_vena_mean,1_59250452,JUN,%Hct,,,,,
hct_vena_mean,7_129984274,CPA5,%Hct,,,,,
hct_vena_mean,8_139927016,COL22A1,%Hct,,,,,
hb_vena_mean,14_61449167,TRMT5,[Hb] g/dL,,,,,
hb_vena_mean,14_61449328,TRMT5,[Hb] g/dL,,,,,
hct_vena_mean,5_76114963,F2RL1,%Hct,,,,,
hb_vena_mean,8_81083860,TPD52,[Hb] g/dL,,,,,
hb_vena_mean,5_75379321,SV2C,[Hb] g/dL,,,,,
hb_vena_mean,8_139927035,COL22A1,[Hb] g/dL,,,,,
hct_vena_mean,6_35265418,DEF6,%Hct,,,,,
hb_vena_mean,3_122785596,PDIA5,[Hb] g/dL,,,,,
hb_vena_mean,3_88188420,ZNF654,[Hb] g/dL,,,,,
hb_vena_mean,3_88189341,ZNF654,[Hb] g/dL,,,,,
hb_vena_mean,3_88199179,C3orf38,[Hb] g/dL,,,,,
hb_vena_mean,3_88199298,C3orf38,[Hb] g/dL,,,,,
hb_vena_mean,10_88718436,SNCG,[Hb] g/dL,,,,,
hb_vena_mean,22_38597174,PLA2G6,[Hb] g/dL,,,,,
hct_vena_mean,2_170220175,LRP2,%Hct,,,,,
hb_vena_mean,11_61659296,FADS3,[Hb] g/dL,,,,,
hb_vena_mean,1_161967681,OLFML2B,[Hb] g/dL,,,,,
hct_vena_mean,5_132948390,FSTL4,%Hct,,,,,
hct_vena_mean,9_130331884,NIBAN2,%Hct,,,,,
hct_vena_mean,9_130331717,NIBAN2,%Hct,,,,,
hct_vena_mean,9_130341359,FAM129B,%Hct,,,,,
hct_vena_mean,9_130341510,FAM129B,%Hct,,,,,
hct_vena_mean,9_130342158,FAM129B,%Hct,,,,,
hct_vena_mean,4_77356246,SHROOM3,%Hct,,,,,
hb_vena_mean,7_7221982,C1GALT1,[Hb] g/dL,,,,,
hb_vena_mean,7_7222194,C1GALT1,[Hb] g/dL,,,,,
hb_vena_mean,15_40226294,EIF2AK4,[Hb] g/dL,,,,,
hb_vena_mean,15_40213192,GPR176,[Hb] g/dL,,,,,
hb_vena_mean,19_9945935,PIN1,[Hb] g/dL,,,,,
hct_vena_mean,16_28519250,IL27,%Hct,,,,,
hb_vena_mean,9_35690606,TPM2,[Hb] g/dL,,,,,
hb_vena_mean,9_116840772,AMBP,[Hb] g/dL,,,,,
hb_vena_mean,22_38598234,PLA2G6,[Hb] g/dL,,,,,
hb_vena_mean,1_178694084,RALGPS2,[Hb] g/dL,,,,,
hct_vena_mean,6_170101841,WDR27,%Hct,,,,,
hct_vena_mean,17_72270442,DNAI2,%Hct,,,,,
hct_vena_mean,7_18548419,HDAC9,%Hct,,,,,
hb_vena_mean,4_155157015,DCHS2,[Hb] g/dL,,,,,
hb_vena_mean,12_20905250,SLCO1C1,[Hb] g/dL,,,,,
hb_vena_mean,11_76917220,MYO7A,[Hb] g/dL,,,,,
hb_vena_mean,12_8185183,FOXJ2,[Hb] g/dL,,,,,
hct_vena_mean,13_76209961,LMO7,%Hct,,,,,
hb_vena_mean,19_10024388,OLFM2,[Hb] g/dL,,,,,
hb_vena_mean,19_10024519,OLFM2,[Hb] g/dL,,,,,
hb_vena_mean,15_65822777,HACD3,[Hb] g/dL,,,,,
hb_vena_mean,1_14925105,KAZN,[Hb] g/dL,,,,,
hct_vena_mean,2_241500674,DUSP28,%Hct,,,,,
hb_vena_mean,7_12249893,TMEM106B,[Hb] g/dL,,,,,
hct_vena_mean,15_40226020,EIF2AK4,%Hct,,,,,
hb_vena_mean,1_169768080,C1orf112,[Hb] g/dL,,,,,
hct_vena_mean,19_10362425,MRPL4,%Hct,,,,,
hb_vena_mean,13_76209961,LMO7,[Hb] g/dL,,,,,
hct_vena_mean,11_61659296,FADS3,%Hct,,,,,
hct_vena_mean,20_1306531,FKBP1A-SDCBP2,%Hct,,,,,
hb_vena_mean,5_79951133,DHFR,[Hb] g/dL,,,,,
hct_vena_mean,11_117965530,TMPRSS4,%Hct,,,,,
hct_vena_mean,13_111358488,CARS2,%Hct,,,,,
hct_vena_mean,13_111358705,CARS2,%Hct,,,,,
hct_vena_mean,8_139927035,COL22A1,%Hct,,,,,
hct_vena_mean,5_78908724,TENT2,%Hct,,,,,
hct_vena_mean,12_8185183,FOXJ2,%Hct,,,,,
hct_vena_mean,11_68192690,LRP5,%Hct,,,,,
hct_vena_mean,15_45027786,TRIM69,%Hct,,,,,
hb_vena_mean,5_76114963,F2RL1,[Hb] g/dL,,,,,
hb_vena_mean,5_137673004,FAM53C,[Hb] g/dL,,,,,
hb_vena_mean,5_137667512,CDC25C,[Hb] g/dL,,,,,
hct_vena_mean,14_94933640,SERPINA9,%Hct,,,,,
hb_vena_mean,19_45251156,BCL3,[Hb] g/dL,,,,,
hct_vena_mean,17_33760649,SLFN12,%Hct,,,,,
hct_vena_mean,3_11624211,VGLL4,%Hct,,,,,
hb_vena_mean,8_41347396,GOLGA7,[Hb] g/dL,,,,,
hct_vena_mean,11_96076289,MAML2,%Hct,,,,,
hb_vena_mean,11_705297,EPS8L2,[Hb] g/dL,,,,,
hb_vena_mean,2_153575972,PRPF40A,[Hb] g/dL,,,,,
hct_vena_mean,17_80673464,FN3KRP,%Hct,,,,,
hct_vena_mean,17_80674402,FN3KRP,%Hct,,,,,
hct_vena_mean,15_65822777,HACD3,%Hct,,,,,
hct_vena_mean,3_88188420,ZNF654,%Hct,,,,,
hct_vena_mean,3_88189341,ZNF654,%Hct,,,,,
hct_vena_mean,3_88199179,C3orf38,%Hct,,,,,
hct_vena_mean,3_88199298,C3orf38,%Hct,,,,,
hct_vena_mean,3_122785596,PDIA5,%Hct,,,,,
hb_vena_mean,10_86273249,CCSER2,[Hb] g/dL,,,,,
hb_vena_mean,15_36871473,C15orf41,[Hb] g/dL,,,,,
hct_vena_mean,13_27131688,WASF3,%Hct,,,,,
hct_vena_mean,1_65613729,AK4,%Hct,,,,,
hct_vena_mean,1_65613730,AK4,%Hct,,,,,
hct_vena_mean,1_65613816,AK4,%Hct,,,,,
hct_vena_mean,1_65614034,AK4,%Hct,,,,,
hct_vena_mean,9_35690606,TPM2,%Hct,,,,,
hb_vena_mean,13_111358488,CARS2,[Hb] g/dL,,,,,
hb_vena_mean,13_111358705,CARS2,[Hb] g/dL,,,,,
hb_vena_mean,1_41327871,CITED4,[Hb] g/dL,,,,,
hb_vena_mean,1_41328300,CITED4,[Hb] g/dL,,,,,
hb_vena_mean,1_41328505,CITED4,[Hb] g/dL,,,,,
hct_vena_mean,6_125623917,HDDC2,%Hct,,,,,
hct_vena_mean,6_125623274,HDDC2,%Hct,,,,,
hct_vena_mean,2_85570797,RETSAT,%Hct,,,,,
hb_vena_mean,14_90722778,PSMC1,[Hb] g/dL,,,,,
hb_vena_mean,14_90722824,PSMC1,[Hb] g/dL,,,,,
hb_vena_mean,14_90723000,PSMC1,[Hb] g/dL,,,,,
hb_vena_mean,14_90723059,PSMC1,[Hb] g/dL,,,,,
hct_vena_mean,7_12249893,TMEM106B,%Hct,,,,,
hct_vena_mean,1_41327871,CITED4,%Hct,,,,,
hct_vena_mean,1_41328300,CITED4,%Hct,,,,,
hct_vena_mean,1_41328505,CITED4,%Hct,,,,,
hb_vena_mean,14_23565012,ACIN1,[Hb] g/dL,,,,,
hb_vena_mean,14_23572703,LMLN2,[Hb] g/dL,,,,,
hct_vena_mean,11_33277688,HIPK3,%Hct,,,,,
hb_vena_mean,17_72270442,DNAI2,[Hb] g/dL,,,,,
hct_vena_mean,6_157802047,ZDHHC14,%Hct,,,,,
hb_vena_mean,20_2782015,CPXM1,[Hb] g/dL,,,,,
hb_vena_mean,6_170101841,WDR27,[Hb] g/dL,,,,,
hb_vena_mean,4_170948619,MFAP3L,[Hb] g/dL,,,,,
hb_vena_mean,4_170948617,MFAP3L,[Hb] g/dL,,,,,
hct_vena_mean,7_7221982,C1GALT1,%Hct,,,,,
hct_vena_mean,7_7222194,C1GALT1,%Hct,,,,,
hb_vena_mean,5_78908724,TENT2,[Hb] g/dL,,,,,
hb_vena_mean,8_1514009,DLGAP2,[Hb] g/dL,,,,,
hct_vena_mean,16_56671841,MT1A,%Hct,,,,,
hb_vena_mean,7_150217309,GIMAP7,[Hb] g/dL,,,,,
hct_vena_mean,6_147136212,ADGB,%Hct,,,,,
hct_vena_mean,7_55433110,LANCL2,%Hct,,,,,
hct_vena_mean,7_55433265,LANCL2,%Hct,,,,,
hct_vena_mean,21_47517869,COL6A2,%Hct,,,,,
hb_vena_mean,14_96829850,GSKIP,[Hb] g/dL,,,,,
hb_vena_mean,14_96829998,GSKIP,[Hb] g/dL,,,,,
hct_vena_mean,17_80789628,TBCD,%Hct,,,,,
hb_vena_mean,4_77356246,SHROOM3,[Hb] g/dL,,,,,
hct_vena_mean,16_27561584,KIAA0556,%Hct,,,,,
hct_vena_mean,21_47558473,FTCD,%Hct,,,,,
hb_vena_mean,16_56671841,MT1A,[Hb] g/dL,,,,,
hct_vena_mean,3_139396734,NMNAT3,%Hct,,,,,
hct_vena_mean,15_75165751,SCAMP2,%Hct,,,,,
hct_vena_mean,10_23633566,C10orf67,%Hct,,,,,
hb_vena_mean,1_248084627,OR2T8,[Hb] g/dL,,,,,
hct_vena_mean,9_33473893,NOL6,%Hct,,,,,
hb_vena_mean,21_35884525,KCNE1,[Hb] g/dL,,,,,
hb_vena_mean,21_35884633,KCNE1,[Hb] g/dL,,,,,
hct_vena_mean,19_45582402,GEMIN7,%Hct,,,,,
hb_vena_mean,15_75165751,SCAMP2,[Hb] g/dL,,,,,
hct_vena_mean,15_36871473,C15orf41,%Hct,,,,,
hct_vena_mean,17_56410041,TSPOAP1-AS1,%Hct,,,,,
hb_vena_mean,11_126081403,RPUSD4,[Hb] g/dL,,,,,
hct_vena_mean,11_126081403,RPUSD4,%Hct,,,,,
hb_vena_mean,1_231664203,TSNAX,[Hb] g/dL,,,,,
hb_vena_mean,14_51411479,PYGL,[Hb] g/dL,,,,,
hct_vena_mean,1_46397941,MAST2,%Hct,,,,,
hct_vena_mean,1_46493460,MAST2,%Hct,,,,,
hct_vena_mean,1_46521559,AL358075.4,%Hct,,,,,
hct_vena_mean,1_46598269,AL358075.4,%Hct,,,,,
hct_vena_mean,1_46598273,AL358075.4,%Hct,,,,,
hct_vena_mean,1_46598903,AL358075.4,%Hct,,,,,
hb_vena_mean,17_56410041,TSPOAP1-AS1,[Hb] g/dL,,,,,
hb_vena_mean,15_36871609,C15orf41,[Hb] g/dL,,,,,
hb_vena_mean,1_227922918,JMJD4,[Hb] g/dL,,,,,
hb_vena_mean,7_32931923,KBTBD2,[Hb] g/dL,,,,,
hb_vena_mean,7_32931951,KBTBD2,[Hb] g/dL,,,,,
hct_vena_mean,12_11338957,TAS2R42,%Hct,,,,,
hct_vena_mean,17_38084350,ORMDL3,%Hct,,,,,
hct_vena_mean,13_76209789,LMO7,%Hct,,,,,
hct_vena_mean,13_76210233,LMO7,%Hct,,,,,
hct_vena_mean,10_86273249,CCSER2,%Hct,,,,,
hb_vena_mean,12_11338957,TAS2R42,[Hb] g/dL,,,,,
hct_vena_mean,12_70636350,AC092881.1,%Hct,,,,,
hct_vena_mean,1_231664203,TSNAX,%Hct,,,,,
hct_vena_mean,1_40996932,ZNF684,%Hct,,,,,
hct_vena_mean,1_248084627,OR2T8,%Hct,,,,,
hct_vena_mean,7_32931923,KBTBD2,%Hct,,,,,
hct_vena_mean,7_32931951,KBTBD2,%Hct,,,,,
hct_vena_mean,15_36871609,C15orf41,%Hct,,,,,
hct_vena_mean,8_22926313,TNFRSF10B,%Hct,,,,,
hb_vena_mean,15_84488636,ADAMTSL3,[Hb] g/dL,,,,,
hct_vena_mean,1_227922918,JMJD4,%Hct,,,,,
hb_vena_mean,13_76210233,LMO7,[Hb] g/dL,,,,,
hct_vena_mean,14_96829850,GSKIP,%Hct,,,,,
hct_vena_mean,14_96829998,GSKIP,%Hct,,,,,
hb_vena_mean,7_29186256,CHN2,[Hb] g/dL,,,,,
hb_vena_mean,1_46397941,MAST2,[Hb] g/dL,,,,,
hb_vena_mean,1_46493460,MAST2,[Hb] g/dL,,,,,
hb_vena_mean,1_46521559,AL358075.4,[Hb] g/dL,,,,,
hb_vena_mean,1_46598269,AL358075.4,[Hb] g/dL,,,,,
hb_vena_mean,1_46598273,AL358075.4,[Hb] g/dL,,,,,
hb_vena_mean,1_46598903,AL358075.4,[Hb] g/dL,,,,,
hb_vena_mean,3_139258508,RBP1,[Hb] g/dL,,,,,
hct_vena_mean,8_11660614,FDFT1,%Hct,,,,,
hct_vena_mean,8_11660916,FDFT1,%Hct,,,,,
hct_vena_mean,12_11323939,SMIM10L1,%Hct,,,,,
hct_vena_mean,12_11323994,SMIM10L1,%Hct,,,,,
hct_vena_mean,12_11324176,SMIM10L1,%Hct,,,,,
hct_vena_mean,12_11324344,SMIM10L1,%Hct,,,,,
hct_vena_mean,12_11324364,SMIM10L1,%Hct,,,,,
hct_vena_mean,15_84488636,ADAMTSL3,%Hct,,,,,
hb_vena_mean,4_69960940,UGT2B7,[Hb] g/dL,,,,,
hb_vena_mean,4_69961127,UGT2B7,[Hb] g/dL,,,,,
hb_vena_mean,4_69961339,UGT2B7,[Hb] g/dL,,,,,
hb_vena_mean,4_69961912,UGT2B7,[Hb] g/dL,,,,,
hb_vena_mean,4_69962078,UGT2B7,[Hb] g/dL,,,,,
hb_vena_mean,12_7947532,NANOG,[Hb] g/dL,,,,,
hb_vena_mean,12_11323939,SMIM10L1,[Hb] g/dL,,,,,
hb_vena_mean,12_11323994,SMIM10L1,[Hb] g/dL,,,,,
hb_vena_mean,12_11324176,SMIM10L1,[Hb] g/dL,,,,,
hb_vena_mean,12_11324344,SMIM10L1,[Hb] g/dL,,,,,
hb_vena_mean,12_11324364,SMIM10L1,[Hb] g/dL,,,,,
hct_vena_mean,10_77191441,LRMDA,%Hct,,,,,
hct_vena_mean,7_29186256,CHN2,%Hct,,,,,
hct_vena_mean,17_38075426,GSDMB,%Hct,,,,,
hct_vena_mean,7_12376811,VWDE,%Hct,,,,,
hct_vena_mean,2_47402064,CALM2,%Hct,,,,,
hb_vena_mean,10_77191441,LRMDA,[Hb] g/dL,,,,,
hct_vena_mean,14_50862993,CDKL1,%Hct,,,,,
hct_vena_mean,7_30544747,GGCT,%Hct,,,,,
hct_vena_mean,16_810655,MSLN,%Hct,,,,,
hb_vena_mean,17_38075426,GSDMB,[Hb] g/dL,,,,,
hct_vena_mean,16_729825,STUB1,%Hct,,,,,
hct_vena_mean,16_729831,STUB1,%Hct,,,,,
hct_vena_mean,8_11665217,FDFT1,%Hct,,,,,
hb_vena_mean,16_810655,MSLN,[Hb] g/dL,,,,,
hct_vena_mean,6_4021163,PRPF4B,%Hct,,,,,
hct_vena_mean,8_30700014,TEX15,%Hct,,,,,
hb_vena_mean,6_119215402,MCM9,[Hb] g/dL,,,,,
hb_vena_mean,12_123215850,HCAR1,[Hb] g/dL,,,,,
hct_vena_mean,8_97657415,CPQ,%Hct,,,,,
hct_vena_mean,4_69960940,UGT2B7,%Hct,,,,,
hct_vena_mean,4_69961127,UGT2B7,%Hct,,,,,
hct_vena_mean,4_69961339,UGT2B7,%Hct,,,,,
hct_vena_mean,4_69961912,UGT2B7,%Hct,,,,,
hct_vena_mean,4_69962078,UGT2B7,%Hct,,,,,
hb_vena_mean,7_12376811,VWDE,[Hb] g/dL,,,,,
hb_vena_mean,8_97657415,CPQ,[Hb] g/dL,,,,,
hb_vena_mean,8_11665217,FDFT1,[Hb] g/dL,,,,,
hct_vena_mean,12_110719192,ATP2A2,%Hct,,,,,
hct_vena_mean,7_12428803,VWDE,%Hct,,,,,
hct_vena_mean,14_100150445,CYP46A1,%Hct,,,,,
hct_vena_mean,8_11666451,FDFT1,%Hct,,,,,
hct_vena_mean,16_770983,FAM173A,%Hct,,,,,
hct_vena_mean,16_771108,FAM173A,%Hct,,,,,
hct_vena_mean,16_771286,FAM173A,%Hct,,,,,
hb_vena_mean,8_9911617,MSRA,[Hb] g/dL,,,,,
hb_vena_mean,7_1133305,GPER1,[Hb] g/dL,,,,,
hb_vena_mean,16_729825,STUB1,[Hb] g/dL,,,,,
hb_vena_mean,16_729831,STUB1,[Hb] g/dL,,,,,
hct_vena_mean,6_150184882,RAET1E-AS1,%Hct,,,,,
hct_vena_mean,6_150185509,RAET1E-AS1,%Hct,,,,,
hct_vena_mean,6_150185524,RAET1E-AS1,%Hct,,,,,
hct_vena_mean,14_35747918,PSMA6,%Hct,,,,,
hct_vena_mean,14_35761366,PSMA6,%Hct,,,,,
hct_vena_mean,14_35761592,PSMA6,%Hct,,,,,
hb_vena_mean,2_26750769,OTOF,[Hb] g/dL,,,,,
hct_vena_mean,2_116600240,DPP10,%Hct,,,,,
hct_vena_mean,7_155088278,INSIG1,%Hct,,,,,
hct_vena_mean,7_155088371,INSIG1,%Hct,,,,,
hct_vena_mean,7_155088948,INSIG1,%Hct,,,,,
hct_vena_mean,18_60027241,TNFRSF11A,%Hct,,,,,
hb_vena_mean,13_49549571,FNDC3A,[Hb] g/dL,,,,,
hct_vena_mean,2_26750769,OTOF,%Hct,,,,,
hb_vena_mean,7_91570129,AKAP9,[Hb] g/dL,,,,,
hb_vena_mean,7_91570290,AKAP9,[Hb] g/dL,,,,,
hb_vena_mean,11_15136264,INSC,[Hb] g/dL,,,,,
hb_vena_mean,12_11183922,TAS2R31,[Hb] g/dL,,,,,
hct_vena_mean,7_155089156,INSIG1,%Hct,,,,,
hb_vena_mean,17_50236193,CA10,[Hb] g/dL,,,,,
hb_vena_mean,14_100150445,CYP46A1,[Hb] g/dL,,,,,
hct_vena_mean,8_9911617,MSRA,%Hct,,,,,
hct_vena_mean,16_764901,METRN,%Hct,,,,,
hb_vena_mean,8_11666451,FDFT1,[Hb] g/dL,,,,,
hct_vena_mean,7_1133305,GPER1,%Hct,,,,,
hb_vena_mean,12_11183903,TAS2R31,[Hb] g/dL,,,,,
hb_vena_mean,12_11183901,TAS2R31,[Hb] g/dL,,,,,
hb_vena_mean,6_150184882,RAET1E-AS1,[Hb] g/dL,,,,,
hb_vena_mean,6_150185509,RAET1E-AS1,[Hb] g/dL,,,,,
hb_vena_mean,6_150185524,RAET1E-AS1,[Hb] g/dL,,,,,
hct_vena_mean,11_10471738,AMPD3,%Hct,,,,,
hb_vena_mean,17_60143667,MED13,[Hb] g/dL,,,,,
hb_vena_mean,2_116600240,DPP10,[Hb] g/dL,,,,,
hct_vena_mean,17_2966032,OR1D5,%Hct,,,,,
hb_vena_mean,11_10471738,AMPD3,[Hb] g/dL,,,,,
hb_vena_mean,9_139892149,CLIC3,[Hb] g/dL,,,,,
hb_vena_mean,2_169658944,NOSTRIN,[Hb] g/dL,,,,,
hb_vena_mean,16_770983,FAM173A,[Hb] g/dL,,,,,
hb_vena_mean,16_771108,FAM173A,[Hb] g/dL,,,,,
hb_vena_mean,16_771286,FAM173A,[Hb] g/dL,,,,,
hct_vena_mean,16_71015329,HYDIN,%Hct,,,,,
hct_vena_mean,11_15136264,INSC,%Hct,,,,,
hb_vena_mean,15_75181121,MPI,[Hb] g/dL,,,,,
hb_vena_mean,15_75230502,COX5A,[Hb] g/dL,,,,,
hct_vena_mean,10_86259658,CCSER2,%Hct,,,,,
hb_vena_mean,14_24836815,NFATC4,[Hb] g/dL,,,,,
hct_vena_mean,12_121342084,XLOC_009911,%Hct,,,,,
hb_vena_mean,11_107729561,SLC35F2,[Hb] g/dL,,,,,
hb_vena_mean,11_107730204,SLC35F2,[Hb] g/dL,,,,,
hb_vena_mean,11_107730904,SLC35F2,[Hb] g/dL,,,,,
hct_vena_mean,2_108905048,SULT1C2,%Hct,,,,,
hct_vena_mean,7_91570129,AKAP9,%Hct,,,,,
hct_vena_mean,7_91570290,AKAP9,%Hct,,,,,
hct_vena_mean,12_11183922,TAS2R31,%Hct,,,,,
hct_vena_mean,6_150210681,RAET1E,%Hct,,,,,
hct_vena_mean,6_150212596,RAET1E,%Hct,,,,,
hct_vena_mean,6_150217360,RAET1E-AS1,%Hct,,,,,
hct_vena_mean,6_150217811,RAET1E-AS1,%Hct,,,,,
hct_vena_mean,10_11206348,CELF2,%Hct,,,,,
hct_vena_mean,1_34038214,CSMD2,%Hct,,,,,
hb_vena_mean,8_17659004,MTUS1,[Hb] g/dL,,,,,
hb_vena_mean,8_17659081,MTUS1,[Hb] g/dL,,,,,
hb_vena_mean,16_764901,METRN,[Hb] g/dL,,,,,
hb_vena_mean,14_50863422,CDKL1,[Hb] g/dL,,,,,
hct_vena_mean,16_88770621,RNF166,%Hct,,,,,
hb_vena_mean,16_89836323,FANCA,[Hb] g/dL,,,,,
hb_vena_mean,14_35747918,PSMA6,[Hb] g/dL,,,,,
hb_vena_mean,14_35761366,PSMA6,[Hb] g/dL,,,,,
hb_vena_mean,14_35761592,PSMA6,[Hb] g/dL,,,,,
hct_vena_mean,17_60143667,MED13,%Hct,,,,,
hct_vena_mean,6_151358137,MTHFD1L,%Hct,,,,,
hct_vena_mean,11_35440976,SLC1A2,%Hct,,,,,
hb_vena_mean,7_12428803,VWDE,[Hb] g/dL,,,,,
hb_vena_mean,17_2966032,OR1D5,[Hb] g/dL,,,,,
hb_vena_mean,16_71015329,HYDIN,[Hb] g/dL,,,,,
hct_vena_mean,5_149535625,PDGFRB,%Hct,,,,,
hb_vena_mean,11_126174164,DCPS,[Hb] g/dL,,,,,
hb_vena_mean,10_11206348,CELF2,[Hb] g/dL,,,,,
hct_vena_mean,3_23987842,NR1D2,%Hct,,,,,
hct_vena_mean,5_56248428,MIER3,%Hct,,,,,
hct_vena_mean,12_11183903,TAS2R31,%Hct,,,,,
hct_vena_mean,12_11183901,TAS2R31,%Hct,,,,,
hb_vena_mean,10_86259658,CCSER2,[Hb] g/dL,,,,,
hb_vena_mean,7_155088278,INSIG1,[Hb] g/dL,,,,,
hb_vena_mean,7_155088371,INSIG1,[Hb] g/dL,,,,,
hb_vena_mean,7_155088948,INSIG1,[Hb] g/dL,,,,,
hct_vena_mean,13_110435231,IRS2,%Hct,,,,,
hb_vena_mean,12_121342084,XLOC_009911,[Hb] g/dL,,,,,
hb_vena_mean,13_110435231,IRS2,[Hb] g/dL,,,,,
hct_vena_mean,11_126174164,DCPS,%Hct,,,,,
hct_vena_mean,17_8213483,ARHGEF15,%Hct,,,,,
hb_vena_mean,2_108905048,SULT1C2,[Hb] g/dL,,,,,
hct_vena_mean,7_30634004,GARS1,%Hct,,,,,
hct_vena_mean,7_30634661,GARS1,%Hct,,,,,
hct_vena_mean,11_63381877,PLAAT3,%Hct,,,,,
hct_vena_mean,11_63382023,PLAAT3,%Hct,,,,,
hct_vena_mean,2_26781765,OTOF,%Hct,,,,,
hct_vena_mean,15_75181121,MPI,%Hct,,,,,
hct_vena_mean,15_75230502,COX5A,%Hct,,,,,
hb_vena_mean,5_53606295,ARL15,[Hb] g/dL,,,,,
hb_vena_mean,17_8213483,ARHGEF15,[Hb] g/dL,,,,,
hb_vena_mean,1_34038214,CSMD2,[Hb] g/dL,,,,,
hb_vena_mean,9_139925221,ABCA2,[Hb] g/dL,,,,,
hb_vena_mean,9_139923408,ABCA2,[Hb] g/dL,,,,,
hct_vena_mean,4_164087954,NAF1,%Hct,,,,,
hb_vena_mean,6_18265455,DEK,[Hb] g/dL,,,,,
hb_vena_mean,11_35440976,SLC1A2,[Hb] g/dL,,,,,
hct_vena_mean,2_169658944,NOSTRIN,%Hct,,,,,
hct_vena_mean,9_139892149,CLIC3,%Hct,,,,,
hb_vena_mean,7_155089156,INSIG1,[Hb] g/dL,,,,,
hct_vena_mean,14_50863422,CDKL1,%Hct,,,,,
hb_vena_mean,11_10476689,AMPD3,[Hb] g/dL,,,,,
hb_vena_mean,11_10476898,AMPD3,[Hb] g/dL,,,,,
hct_vena_mean,2_228735448,DAW1,%Hct,,,,,
hct_vena_mean,2_228735732,DAW1,%Hct,,,,,
hct_vena_mean,2_228736313,DAW1,%Hct,,,,,
hct_vena_mean,10_71078016,HK1,%Hct,,,,,
hct_vena_mean,11_107730904,SLC35F2,%Hct,,,,,
hct_vena_mean,5_53606295,ARL15,%Hct,,,,,
hb_vena_mean,6_150210681,RAET1E,[Hb] g/dL,,,,,
hb_vena_mean,6_150212596,RAET1E,[Hb] g/dL,,,,,
hb_vena_mean,6_150217360,RAET1E-AS1,[Hb] g/dL,,,,,
hb_vena_mean,6_150217811,RAET1E-AS1,[Hb] g/dL,,,,,
hb_vena_mean,16_1275896,TPSG1,[Hb] g/dL,,,,,
hct_vena_mean,19_14586068,PTGER1,%Hct,,,,,
hb_vena_mean,11_63381877,PLAAT3,[Hb] g/dL,,,,,
hb_vena_mean,11_63382023,PLAAT3,[Hb] g/dL,,,,,
hct_vena_mean,16_740404,WDR24,%Hct,,,,,
hct_vena_mean,16_740466,WDR24,%Hct,,,,,
hct_vena_mean,11_10476689,AMPD3,%Hct,,,,,
hct_vena_mean,11_10476898,AMPD3,%Hct,,,,,
hb_vena_mean,4_39698738,UBE2K,[Hb] g/dL,,,,,
hb_vena_mean,4_39698824,UBE2K,[Hb] g/dL,,,,,
hct_vena_mean,6_18265455,DEK,%Hct,,,,,
hb_vena_mean,14_60976537,SIX6,[Hb] g/dL,,,,,
hb_vena_mean,3_87040392,VGLL3,[Hb] g/dL,,,,,
hb_vena_mean,19_51018126,ASPDH,[Hb] g/dL,,,,,
hb_vena_mean,2_26781765,OTOF,[Hb] g/dL,,,,,
hb_vena_mean,4_13545792,NKX3-2,[Hb] g/dL,,,,,
hb_vena_mean,7_100646077,MUC12,[Hb] g/dL,,,,,
hb_vena_mean,19_41221513,ITPKC,[Hb] g/dL,,,,,
hb_vena_mean,19_41256131,C19orf54,[Hb] g/dL,,,,,
hb_vena_mean,19_41256519,C19orf54,[Hb] g/dL,,,,,
hb_vena_mean,2_228735448,DAW1,[Hb] g/dL,,,,,
hb_vena_mean,2_228735732,DAW1,[Hb] g/dL,,,,,
hb_vena_mean,2_228736313,DAW1,[Hb] g/dL,,,,,
hb_vena_mean,19_17648350,NIBAN3,[Hb] g/dL,,,,,
hb_vena_mean,7_31726638,PPP1R17,[Hb] g/dL,,,,,
hct_vena_mean,16_22824605,HS3ST2,%Hct,,,,,
hb_vena_mean,11_106889443,GUCY1A2,[Hb] g/dL,,,,,
hb_vena_mean,11_107798886,RAB39A,[Hb] g/dL,,,,,
hb_vena_mean,11_107798952,RAB39A,[Hb] g/dL,,,,,
hb_vena_mean,9_34612405,RPP25L,[Hb] g/dL,,,,,
hb_vena_mean,7_30634004,GARS1,[Hb] g/dL,,,,,
hb_vena_mean,7_30634661,GARS1,[Hb] g/dL,,,,,
hb_vena_mean,17_76356096,SOCS3,[Hb] g/dL,,,,,
hct_vena_mean,2_26800422,FAM166C,%Hct,,,,,
hct_vena_mean,14_24836815,NFATC4,%Hct,,,,,
hb_vena_mean,14_105218476,SIVA1,[Hb] g/dL,,,,,
hct_vena_mean,7_153750014,DPP6,%Hct,,,,,
hct_vena_mean,5_65892243,MAST4,%Hct,,,,,
hb_vena_mean,18_43534628,EPG5,[Hb] g/dL,,,,,
hb_vena_mean,5_65892243,MAST4,[Hb] g/dL,,,,,
hct_vena_mean,9_139925221,ABCA2,%Hct,,,,,
hct_vena_mean,9_139923408,ABCA2,%Hct,,,,,
hct_vena_mean,17_3775848,CAMKK1,%Hct,,,,,
hct_vena_mean,8_142505056,MROH5,%Hct,,,,,
hct_vena_mean,8_142505578,MROH5,%Hct,,,,,
hct_vena_mean,8_142506461,MROH5,%Hct,,,,,
hct_vena_mean,3_87040392,VGLL3,%Hct,,,,,
hb_vena_mean,12_4830000,AC005833.1,[Hb] g/dL,,,,,
hb_vena_mean,8_27631719,CCDC25,[Hb] g/dL,,,,,
hb_vena_mean,8_27632143,CCDC25,[Hb] g/dL,,,,,
hb_vena_mean,8_27630152,CCDC25,[Hb] g/dL,,,,,
hb_vena_mean,8_27631630,CCDC25,[Hb] g/dL,,,,,
hct_vena_mean,7_100646077,MUC12,%Hct,,,,,
hct_vena_mean,5_77656402,SCAMP1,%Hct,,,,,
hct_vena_mean,16_88778615,CTU2,%Hct,,,,,
hb_vena_mean,19_14586068,PTGER1,[Hb] g/dL,,,,,
hct_vena_mean,11_68671477,IGHMBP2,%Hct,,,,,
hb_vena_mean,4_39699101,UBE2K,[Hb] g/dL,,,,,
hct_vena_mean,14_60976537,SIX6,%Hct,,,,,
hct_vena_mean,6_152489294,SYNE1,%Hct,,,,,
hb_vena_mean,3_196045555,TM4SF19-TCTEX1D2,[Hb] g/dL,,,,,
hct_vena_mean,16_4475868,DNAJA3,%Hct,,,,,
hct_vena_mean,16_4476089,DNAJA3,%Hct,,,,,
hb_vena_mean,5_77944618,LHFPL2,[Hb] g/dL,,,,,
hb_vena_mean,5_56248428,MIER3,[Hb] g/dL,,,,,
hb_vena_mean,16_764826,METRN,[Hb] g/dL,,,,,
hb_vena_mean,16_769926,FAM173A,[Hb] g/dL,,,,,
hb_vena_mean,16_770103,FAM173A,[Hb] g/dL,,,,,
hb_vena_mean,16_764948,METRN,[Hb] g/dL,,,,,
hct_vena_mean,13_110959464,COL4A2,%Hct,,,,,
hct_vena_mean,13_110959688,COL4A2,%Hct,,,,,
hct_vena_mean,13_110959717,COL4A2,%Hct,,,,,
hct_vena_mean,19_6897464,ADGRE1,%Hct,,,,,
hct_vena_mean,4_13545792,NKX3-2,%Hct,,,,,
hct_vena_mean,11_107798886,RAB39A,%Hct,,,,,
hct_vena_mean,11_107798952,RAB39A,%Hct,,,,,
hct_vena_mean,16_764826,METRN,%Hct,,,,,
hct_vena_mean,16_769926,FAM173A,%Hct,,,,,
hct_vena_mean,16_770103,FAM173A,%Hct,,,,,
hct_vena_mean,16_764948,METRN,%Hct,,,,,
hct_vena_mean,14_105218476,SIVA1,%Hct,,,,,
hb_vena_mean,16_740404,WDR24,[Hb] g/dL,,,,,
hb_vena_mean,16_740466,WDR24,[Hb] g/dL,,,,,
hct_vena_mean,19_51018126,ASPDH,%Hct,,,,,
hct_vena_mean,10_27529549,ACBD5,%Hct,,,,,
hct_vena_mean,10_27530660,ACBD5,%Hct,,,,,
hct_vena_mean,10_27531484,ACBD5,%Hct,,,,,
hb_vena_mean,16_4475868,DNAJA3,[Hb] g/dL,,,,,
hb_vena_mean,16_4476089,DNAJA3,[Hb] g/dL,,,,,
hct_vena_mean,19_17648350,NIBAN3,%Hct,,,,,
hb_vena_mean,19_6897464,ADGRE1,[Hb] g/dL,,,,,
hb_vena_mean,1_41708099,SCMH1,[Hb] g/dL,,,,,
hb_vena_mean,6_69349073,ADGRB3,[Hb] g/dL,,,,,
hb_vena_mean,16_22824605,HS3ST2,[Hb] g/dL,,,,,
hct_vena_mean,22_41215672,SLC25A17,%Hct,,,,,
hct_vena_mean,5_77944618,LHFPL2,%Hct,,,,,
hb_vena_mean,17_3775848,CAMKK1,[Hb] g/dL,,,,,
hct_vena_mean,6_69349073,ADGRB3,%Hct,,,,,
hb_vena_mean,16_89866043,FANCA,[Hb] g/dL,,,,,
hct_vena_mean,8_27631719,CCDC25,%Hct,,,,,
hct_vena_mean,8_27632143,CCDC25,%Hct,,,,,
hct_vena_mean,8_27630152,CCDC25,%Hct,,,,,
hct_vena_mean,8_27631630,CCDC25,%Hct,,,,,
hb_vena_mean,2_26800422,FAM166C,[Hb] g/dL,,,,,
hct_vena_mean,17_76356096,SOCS3,%Hct,,,,,
hct_vena_mean,1_41708099,SCMH1,%Hct,,,,,
hct_vena_mean,12_4830000,AC005833.1,%Hct,,,,,
hct_vena_mean,18_77748659,TXNL4A,%Hct,,,,,
hct_vena_mean,18_77794026,TXNL4A,%Hct,,,,,
hct_vena_mean,18_77793710,TXNL4A,%Hct,,,,,
hb_vena_mean,18_77748659,TXNL4A,[Hb] g/dL,,,,,
hb_vena_mean,18_77793710,TXNL4A,[Hb] g/dL,,,,,
hb_vena_mean,18_77794026,TXNL4A,[Hb] g/dL,,,,,
hb_vena_mean,7_153750014,DPP6,[Hb] g/dL,,,,,
hct_vena_mean,5_131826765,IRF1,%Hct,,,,,
hct_vena_mean,5_131826875,IRF1,%Hct,,,,,
hct_vena_mean,5_131826880,IRF1,%Hct,,,,,
hct_vena_mean,5_131827065,IRF1,%Hct,,,,,
hct_vena_mean,5_131827191,IRF1,%Hct,,,,,
hct_vena_mean,19_57956828,AC004076.1,%Hct,,,,,
,,,,,,,,
,,,,,,,,
,,,,,,,,
,,,,,,,,
,,,,,,,,
,,,,,,,,
,,,,,,,,
,,,,,,,,
,,,,,,,,
,,,,,,,,
,,,,,,,,
,,,,,,,,
,,,,,,,,
,,,,,,,,
,,,,,,,,
,,,,,,,,
,,,,,,,,
,,,,,,,,
,,,,,,,,
,,,,,,,,
,,,,,,,,
,,,,,,,,
,,,,,,,,
,,,,,,,,
,,,,,,,,
,,,,,,,,
,,,,,,,,
,,,,,,,,
,,,,,,,,
,,,,,,,,
,,,,,,,,
,,,,,,,,
,,,,,,,,
,,,,,,,,
,,,,,,,,
,,,,,,,,
,,,,,,,,
,,,,,,,,
,,,,,,,,
,,,,,,,,
,,,,,,,,
,,,,,,,,
,,,,,,,,
,,,,,,,,
,,,,,,,,
,,,,,,,,
,,,,,,,,
,,,,,,,,
,,,,,,,,
,,,,,,,,
,,,,,,,,
,,,,,,,,
,,,,,,,,
,,,,,,,,
,,,,,,,,
,,,,,,,,
,,,,,,,,
,,,,,,,,
,,,,,,,,
,,,,,,,,
,,,,,,,,
,,,,,,,,
,,,,,,,,
,,,,,,,,
,,,,,,,,
,,,,,,,,
,,,,,,,,
,,,,,,,,
,,,,,,,,
,,,,,,,,
,,,,,,,,
,,,,,,,,
,,,,,,,,
,,,,,,,,
,,,,,,,,
,,,,,,,,
,,,,,,,,
,,,,,,,,
,,,,,,,,
,,,,,,,,
,,,,,,,,
,,,,,,,,
,,,,,,,,
,,,,,,,,
,,,,,,,,
,,,,,,,,
,,,,,,,,
,,,,,,,,
,,,,,,,,
,,,,,,,,
,,,,,,,,
,,,,,,,,
,,,,,,,,
,,,,,,,,
,,,,,,,,
,,,,,,,,
,,,,,,,,
,,,,,,,,
,,,,,,,,
,,,,,,,,
,,,,,,,,
,,,,,,,,
,,,,,,,,
,,,,,,,,
,,,,,,,,
,,,,,,,,
,,,,,,,,
,,,,,,,,
,,,,,,,,
,,,,,,,,
,,,,,,,,
,,,,,,,,
,,,,,,,,
,,,,,,,,
,,,,,,,,
,,,,,,,,
,,,,,,,,
,,,,,,,,
,,,,,,,,
,,,,,,,,
,,,,,,,,
,,,,,,,,
,,,,,,,,
,,,,,,,,
,,,,,,,,
,,,,,,,,
,,,,,,,,
,,,,,,,,
,,,,,,,,
,,,,,,,,
,,,,,,,,
,,,,,,,,
,,,,,,,,
,,,,,,,,
,,,,,,,,
,,,,,,,,
,,,,,,,,
,,,,,,,,
,,,,,,,,
,,,,,,,,
,,,,,,,,
,,,,,,,,
,,,,,,,,
,,,,,,,,
,,,,,,,,
,,,,,,,,
,,,,,,,,
,,,,,,,,
,,,,,,,,
,,,,,,,,
,,,,,,,,
,,,,,,,,
,,,,,,,,
,,,,,,,,
,,,,,,,,
,,,,,,,,
,,,,,,,,
,,,,,,,,
,,,,,,,,
,,,,,,,,
,,,,,,,,
,,,,,,,,
,,,,,,,,
,,,,,,,,
,,,,,,,,
,,,,,,,,
,,,,,,,,
,,,,,,,,
,,,,,,,,
,,,,,,,,
,,,,,,,,
,,,,,,,,
,,,,,,,,
,,,,,,,,
,,,,,,,,
,,,,,,,,
,,,,,,,,
,,,,,,,,
,,,,,,,,
,,,,,,,,
,,,,,,,,
,,,,,,,,
,,,,,,,,
,,,,,,,,
,,,,,,,,
,,,,,,,,
,,,,,,,,
,,,,,,,,
,,,,,,,,
,,,,,,,,
,,,,,,,,
,,,,,,,,
,,,,,,,,
,,,,,,,,
,,,,,,,,
,,,,,,,,
,,,,,,,,
,,,,,,,,
,,,,,,,,
,,,,,,,,
,,,,,,,,
,,,,,,,,
,,,,,,,,
,,,,,,,,
