gene_symbol,cms_score,study,occurance
EGLN1,11.2514,Bigham2009,20
EGLN1,11.2514,Simonson2010apriorilist,20
EGLN1,11.2514,Simonson2010,20
EGLN1,11.2514,Peng2010,20
EGLN1,11.2514,Bigham2010,20
EGLN1,11.2514,Eichstaedt2014apriorilist,20
EGLN1,11.2514,Eichstaedt2015apriori,20
EGLN1,11.2514,Huerta.sanchez2013hypoxgeneset,20
EGLN1,11.2514,O.Brien2019,20
EGLN1,11.2514,Arciero2018,20
EGLN1,11.2514,Hu2017,20
EGLN1,11.2514,yulist1,20
EGLN1,11.2514,Yang2017,20
EGLN1,11.2514,Bigham2014canidatelist,20
EGLN1,11.2514,Halllist1,20
EGLN1,11.2514,halllist2,20
EGLN1,11.2514,yulist2,20
EGLN1,11.2514,Moore2017,20
EGLN1,11.2514,Ortiz.Barahona2010HRElocations,20
EGLN1,11.2514,Wuren2014,20
EPAS1,8.7154,Eichstaedt2017,19
EPAS1,8.7154,Yi2010,19
EPAS1,8.7154,Simonson2010apriorilist,19
EPAS1,8.7154,Simonson2010,19
EPAS1,8.7154,Peng2010,19
EPAS1,8.7154,Bigham2010,19
EPAS1,8.7154,Eichstaedt2014apriorilist,19
EPAS1,8.7154,Eichstaedt2015apriori,19
EPAS1,8.7154,Huerta.sanchez2013hypoxgeneset,19
EPAS1,8.7154,O.Brien2019,19
EPAS1,8.7154,Arciero2018,19
EPAS1,8.7154,yulist1,19
EPAS1,8.7154,Yang2017,19
EPAS1,8.7154,Witt2019,19
EPAS1,8.7154,Gou2014,19
EPAS1,8.7154,Halllist1,19
EPAS1,8.7154,halllist2,19
EPAS1,8.7154,yulist2,19
EPAS1,8.7154,Moore2017,19
PRKAA1,13.9109,Bigham2009,15
PRKAA1,13.9109,Simonson2010apriorilist,15
PRKAA1,13.9109,Bigham2010,15
PRKAA1,13.9109,Eichstaedt2014apriorilist,15
PRKAA1,13.9109,Eichstaedt2015apriori,15
PRKAA1,13.9109,Huerta.sanchez2013hypoxgeneset,15
PRKAA1,13.9109,Crawford2017,15
PRKAA1,13.9109,O.Brien2019,15
PRKAA1,13.9109,yulist1,15
PRKAA1,13.9109,Bigham2014canidatelist,15
PRKAA1,13.9109,Bigham2014,15
PRKAA1,13.9109,Halllist1,15
PRKAA1,13.9109,halllist2,15
PRKAA1,13.9109,yulist2,15
PRKAA1,13.9109,Moore2017,15
EGLN2,9.35824,Bigham2009,12
EGLN2,9.35824,Simonson2010apriorilist,12
EGLN2,9.35824,Bigham2010,12
EGLN2,9.35824,Eichstaedt2014apriorilist,12
EGLN2,9.35824,Eichstaedt2014,12
EGLN2,9.35824,Eichstaedt2015apriori,12
EGLN2,9.35824,Huerta.sanchez2013hypoxgeneset,12
EGLN2,9.35824,Artigas2015,12
EGLN2,9.35824,yulist1,12
EGLN2,9.35824,Bigham2014canidatelist,12
EGLN2,9.35824,Halllist1,12
EGLN2,9.35824,yulist2,12
ARNT2,12.3535,Bigham2009,11
ARNT2,12.3535,Simonson2010apriorilist,11
ARNT2,12.3535,Bigham2010,11
ARNT2,12.3535,Eichstaedt2014,11
ARNT2,12.3535,Sheinfeldt2012,11
ARNT2,12.3535,Huerta.sanchez2013hypoxgeneset,11
ARNT2,12.3535,yulist1,11
ARNT2,12.3535,Bigham2014canidatelist,11
ARNT2,12.3535,halllist2,11
ARNT2,12.3535,yulist2,11
ARNT2,12.3535,Moore2017,11
EGLN3,7.68818,Simonson2010apriorilist,10
EGLN3,7.68818,Bigham2010,10
EGLN3,7.68818,Eichstaedt2014apriorilist,10
EGLN3,7.68818,Eichstaedt2015apriori,10
EGLN3,7.68818,Huerta.sanchez2013hypoxgeneset,10
EGLN3,7.68818,yulist1,10
EGLN3,7.68818,Yang2017,10
EGLN3,7.68818,Halllist1,10
EGLN3,7.68818,yulist2,10
EGLN3,7.68818,Ortiz.Barahona2010HRElocations,10
VEGFB,7.64663,Eichstaedt2017,10
VEGFB,7.64663,Bigham2010,10
VEGFB,7.64663,Eichstaedt2014apriorilist,10
VEGFB,7.64663,Eichstaedt2014,10
VEGFB,7.64663,Eichstaedt2015apriori,10
VEGFB,7.64663,yulist1,10
VEGFB,7.64663,Halllist1,10
VEGFB,7.64663,yulist2,10
VEGFB,7.64663,Moore2017,10
VEGFB,7.64663,Ortiz.Barahona2010HRElocations,10
KCNMA1,12.5072,Simonson2010apriorilist,9
KCNMA1,12.5072,Eichstaedt2014apriorilist,9
KCNMA1,12.5072,Eichstaedt2015apriori,9
KCNMA1,12.5072,Sheinfeldt2012,9
KCNMA1,12.5072,Huerta.sanchez2013hypoxgeneset,9
KCNMA1,12.5072,yulist1,9
KCNMA1,12.5072,Bigham2014canidatelist,9
KCNMA1,12.5072,yulist2,9
KCNMA1,12.5072,Ortiz.Barahona2010HRElocations,9
EDN1,9.02827,Bigham2009,9
EDN1,9.02827,Simonson2010apriorilist,9
EDN1,9.02827,Bigham2010,9
EDN1,9.02827,Huerta.sanchez2013hypoxgeneset,9
EDN1,9.02827,yulist1,9
EDN1,9.02827,Yang2017,9
EDN1,9.02827,Bigham2014canidatelist,9
EDN1,9.02827,yulist2,9
EDN1,9.02827,Ortiz.Barahona2010HRElocations,9
NOTCH1,8.96901,Bigham2009,9
NOTCH1,8.96901,Simonson2010,9
NOTCH1,8.96901,Bigham2010,9
NOTCH1,8.96901,Eichstaedt2014apriorilist,9
NOTCH1,8.96901,Eichstaedt2015apriori,9
NOTCH1,8.96901,Arciero2018,9
NOTCH1,8.96901,yulist1,9
NOTCH1,8.96901,Bigham2014canidatelist,9
NOTCH1,8.96901,yulist2,9
NOS2,8.46568,Simonson2010apriorilist,9
NOS2,8.46568,Eichstaedt2014apriorilist,9
NOS2,8.46568,Eichstaedt2015apriori,9
NOS2,8.46568,Crawford2017,9
NOS2,8.46568,yulist1,9
NOS2,8.46568,Bigham2014canidatelist,9
NOS2,8.46568,Halllist1,9
NOS2,8.46568,yulist2,9
NOS2,8.46568,Moore2017,9
SLC8A1,6.07837,Simonson2010apriorilist,9
SLC8A1,6.07837,Simonson2010,9
SLC8A1,6.07837,Eichstaedt2014apriorilist,9
SLC8A1,6.07837,Eichstaedt2015apriori,9
SLC8A1,6.07837,Sheinfeldt2012,9
SLC8A1,6.07837,Huerta.sanchez2013hypoxgeneset,9
SLC8A1,6.07837,Arciero2018,9
SLC8A1,6.07837,yulist1,9
SLC8A1,6.07837,yulist2,9
RORA,12.547,Simonson2010apriorilist,8
RORA,12.547,Alkorta.Aranburu2012,8
RORA,12.547,Sheinfeldt2012,8
RORA,12.547,yulist1,8
RORA,12.547,Witt2019,8
RORA,12.547,Halllist1,8
RORA,12.547,yulist2,8
RORA,12.547,Ortiz.Barahona2010HRElocations,8
RYR2,11.4135,Simonson2010apriorilist,8
RYR2,11.4135,Alkorta.Aranburu2012,8
RYR2,11.4135,Sheinfeldt2012,8
RYR2,11.4135,Huerta.sanchez2013hypoxgeneset,8
RYR2,11.4135,yulist1,8
RYR2,11.4135,Halllist1,8
RYR2,11.4135,halllist2,8
RYR2,11.4135,yulist2,8
EP300,14.8408,Simonson2010apriorilist,7
EP300,14.8408,Peng2010,7
EP300,14.8408,Eichstaedt2014apriorilist,7
EP300,14.8408,Eichstaedt2015apriori,7
EP300,14.8408,Huerta.sanchez2013hypoxgeneset,7
EP300,14.8408,yulist1,7
EP300,14.8408,yulist2,7
CA9,9.49044,Simonson2010apriorilist,7
CA9,9.49044,Eichstaedt2014apriorilist,7
CA9,9.49044,Eichstaedt2015apriori,7
CA9,9.49044,Huerta.sanchez2013hypoxgeneset,7
CA9,9.49044,yulist1,7
CA9,9.49044,yulist2,7
CA9,9.49044,Ortiz.Barahona2010HRElocations,7
VHL,9.17274,Simonson2010apriorilist,7
VHL,9.17274,Bigham2010,7
VHL,9.17274,Eichstaedt2014apriorilist,7
VHL,9.17274,Huerta.sanchez2013hypoxgeneset,7
VHL,9.17274,yulist1,7
VHL,9.17274,Halllist1,7
VHL,9.17274,yulist2,7
PRKCE,8.7154,Simonson2010,7
PRKCE,8.7154,Peng2010,7
PRKCE,8.7154,Eichstaedt2014apriorilist,7
PRKCE,8.7154,Eichstaedt2015apriori,7
PRKCE,8.7154,Arciero2018,7
PRKCE,8.7154,yulist1,7
PRKCE,8.7154,yulist2,7
SOD2,7.60609,Simonson2010apriorilist,7
SOD2,7.60609,Eichstaedt2014apriorilist,7
SOD2,7.60609,Eichstaedt2015apriori,7
SOD2,7.60609,Sheinfeldt2012,7
SOD2,7.60609,Huerta.sanchez2013hypoxgeneset,7
SOD2,7.60609,Halllist1,7
SOD2,7.60609,halllist2,7
VEGFC,7.16969,Bigham2010,7
VEGFC,7.16969,Eichstaedt2014apriorilist,7
VEGFC,7.16969,Eichstaedt2015apriori,7
VEGFC,7.16969,Artigas2015,7
VEGFC,7.16969,yulist1,7
VEGFC,7.16969,Bigham2014canidatelist,7
VEGFC,7.16969,yulist2,7
THRB,16.9326,Sheinfeldt2012,6
THRB,16.9326,Witt2019,6
THRB,16.9326,Halllist1,6
THRB,16.9326,halllist2,6
THRB,16.9326,Moore2017,6
THRB,16.9326,Ortiz.Barahona2010HRElocations,6
PRKG1,15.1229,Eichstaedt2014apriorilist,6
PRKG1,15.1229,Eichstaedt2014,6
PRKG1,15.1229,Eichstaedt2015,6
PRKG1,15.1229,Eichstaedt2015apriori,6
PRKG1,15.1229,Sheinfeldt2012,6
PRKG1,15.1229,Arciero2018,6
NRP1,14.9615,Bigham2009,6
NRP1,14.9615,Bigham2010,6
NRP1,14.9615,Eichstaedt2014apriorilist,6
NRP1,14.9615,Eichstaedt2015apriori,6
NRP1,14.9615,yulist1,6
NRP1,14.9615,Bigham2014canidatelist,6
RBX1,14.3396,Bigham2010,6
RBX1,14.3396,Eichstaedt2014apriorilist,6
RBX1,14.3396,Eichstaedt2015apriori,6
RBX1,14.3396,yulist1,6
RBX1,14.3396,Bigham2014canidatelist,6
RBX1,14.3396,yulist2,6
NDRG1,13.6518,Eichstaedt2014apriorilist,6
NDRG1,13.6518,Eichstaedt2015apriori,6
NDRG1,13.6518,Sheinfeldt2012,6
NDRG1,13.6518,yulist1,6
NDRG1,13.6518,yulist2,6
NDRG1,13.6518,Ortiz.Barahona2010HRElocations,6
STC2,12.8778,Eichstaedt2014apriorilist,6
STC2,12.8778,Eichstaedt2014,6
STC2,12.8778,Eichstaedt2015apriori,6
STC2,12.8778,yulist1,6
STC2,12.8778,yulist2,6
STC2,12.8778,Ortiz.Barahona2010HRElocations,6
ICAM1,11.9508,Simonson2010apriorilist,6
ICAM1,11.9508,Eichstaedt2014apriorilist,6
ICAM1,11.9508,Eichstaedt2015apriori,6
ICAM1,11.9508,yulist1,6
ICAM1,11.9508,Witt2019,6
ICAM1,11.9508,yulist2,6
NOS3,11.935,Simonson2010apriorilist,6
NOS3,11.935,Bigham2010,6
NOS3,11.935,Eichstaedt2014apriorilist,6
NOS3,11.935,Eichstaedt2015apriori,6
NOS3,11.935,Huerta.sanchez2013hypoxgeneset,6
NOS3,11.935,Halllist1,6
ADRA1B,9.85285,Bigham2009,6
ADRA1B,9.85285,Bigham2010,6
ADRA1B,9.85285,Sheinfeldt2012,6
ADRA1B,9.85285,yulist1,6
ADRA1B,9.85285,Yang2017,6
ADRA1B,9.85285,Bigham2014canidatelist,6
PYGM,8.1146,Eichstaedt2017,6
PYGM,8.1146,Simonson2010apriorilist,6
PYGM,8.1146,Eichstaedt2014,6
PYGM,8.1146,Huerta.sanchez2013hypoxgeneset,6
PYGM,8.1146,yulist1,6
PYGM,8.1146,Witt2019,6
BAD,7.64663,Eichstaedt2017,6
BAD,7.64663,Eichstaedt2014apriorilist,6
BAD,7.64663,Eichstaedt2014,6
BAD,7.64663,Eichstaedt2015apriori,6
BAD,7.64663,yulist1,6
BAD,7.64663,yulist2,6
UCN3,7.38608,Simonson2010apriorilist,6
UCN3,7.38608,Eichstaedt2014apriorilist,6
UCN3,7.38608,Eichstaedt2015apriori,6
UCN3,7.38608,Huerta.sanchez2013hypoxgeneset,6
UCN3,7.38608,yulist1,6
UCN3,7.38608,yulist2,6
FLT1,7.22994,Simonson2010apriorilist,6
FLT1,7.22994,Bigham2010,6
FLT1,7.22994,Eichstaedt2014apriorilist,6
FLT1,7.22994,Eichstaedt2015apriori,6
FLT1,7.22994,Huerta.sanchez2013hypoxgeneset,6
FLT1,7.22994,Bigham2014canidatelist,6
MT3,6.91485,Simonson2010apriorilist,6
MT3,6.91485,Eichstaedt2014apriorilist,6
MT3,6.91485,Eichstaedt2015apriori,6
MT3,6.91485,Huerta.sanchez2013hypoxgeneset,6
MT3,6.91485,yulist1,6
MT3,6.91485,yulist2,6
FOXO1,6.8821,Eichstaedt2014apriorilist,6
FOXO1,6.8821,Eichstaedt2014,6
FOXO1,6.8821,Eichstaedt2015apriori,6
FOXO1,6.8821,Alkorta.Aranburu2012,6
FOXO1,6.8821,Sheinfeldt2012,6
FOXO1,6.8821,Moore2017,6
CREBBP,6.60797,Simonson2010apriorilist,6
CREBBP,6.60797,Eichstaedt2014apriorilist,6
CREBBP,6.60797,Eichstaedt2015apriori,6
CREBBP,6.60797,Huerta.sanchez2013hypoxgeneset,6
CREBBP,6.60797,yulist1,6
CREBBP,6.60797,yulist2,6
PRKAA2,6.33139,Bigham2009,6
PRKAA2,6.33139,Bigham2010,6
PRKAA2,6.33139,Eichstaedt2014,6
PRKAA2,6.33139,Crawford2017,6
PRKAA2,6.33139,yulist1,6
PRKAA2,6.33139,Bigham2014canidatelist,6
NRP2,6.07837,Bigham2009,6
NRP2,6.07837,Bigham2010,6
NRP2,6.07837,Eichstaedt2014apriorilist,6
NRP2,6.07837,Eichstaedt2015apriori,6
NRP2,6.07837,yulist1,6
NRP2,6.07837,Bigham2014canidatelist,6
HSP90B1,20.7427,Simonson2010apriorilist,5
HSP90B1,20.7427,Sheinfeldt2012,5
HSP90B1,20.7427,Huerta.sanchez2013hypoxgeneset,5
HSP90B1,20.7427,yulist1,5
HSP90B1,20.7427,yulist2,5
MUC3A,19.9416,Eichstaedt2017,5
MUC3A,19.9416,Eichstaedt2014,5
MUC3A,19.9416,Eichstaedt2015,5
MUC3A,19.9416,Sheinfeldt2012,5
MUC3A,19.9416,Hu2017,5
AJUBA,16.8293,Eichstaedt2014apriorilist,5
AJUBA,16.8293,Eichstaedt2015apriori,5
AJUBA,16.8293,yulist1,5
AJUBA,16.8293,Halllist1,5
AJUBA,16.8293,yulist2,5
CBS,16.3117,Eichstaedt2014apriorilist,5
CBS,16.3117,Eichstaedt2014,5
CBS,16.3117,Eichstaedt2015,5
CBS,16.3117,Eichstaedt2015apriori,5
CBS,16.3117,Moore2017,5
TBX5,16.0403,Eichstaedt2014,5
TBX5,16.0403,Crawford2017,5
TBX5,16.0403,yulist1,5
TBX5,16.0403,Halllist1,5
TBX5,16.0403,Moore2017,5
FAM162A,12.7408,Eichstaedt2014apriorilist,5
FAM162A,12.7408,Eichstaedt2015apriori,5
FAM162A,12.7408,Sheinfeldt2012,5
FAM162A,12.7408,yulist1,5
FAM162A,12.7408,yulist2,5
HYOU1,12.7274,Simonson2010apriorilist,5
HYOU1,12.7274,Huerta.sanchez2013hypoxgeneset,5
HYOU1,12.7274,yulist1,5
HYOU1,12.7274,halllist2,5
HYOU1,12.7274,yulist2,5
ABAT,11.3317,Simonson2010apriorilist,5
ABAT,11.3317,Huerta.sanchez2013hypoxgeneset,5
ABAT,11.3317,yulist1,5
ABAT,11.3317,halllist2,5
ABAT,11.3317,yulist2,5
CASR,9.9476,Eichstaedt2017,5
CASR,9.9476,Bigham2010,5
CASR,9.9476,yulist1,5
CASR,9.9476,Yang2017,5
CASR,9.9476,yulist2,5
TH,9.82378,Simonson2010apriorilist,5
TH,9.82378,Bigham2010,5
TH,9.82378,Huerta.sanchez2013hypoxgeneset,5
TH,9.82378,yulist1,5
TH,9.82378,yulist2,5
DLG2,9.71439,Eichstaedt2017,5
DLG2,9.71439,Zhou2013,5
DLG2,9.71439,Sheinfeldt2012,5
DLG2,9.71439,Udpa204,5
DLG2,9.71439,Ortiz.Barahona2010HRElocations,5
ADAM8,9.42479,Eichstaedt2014apriorilist,5
ADAM8,9.42479,Eichstaedt2015apriori,5
ADAM8,9.42479,yulist1,5
ADAM8,9.42479,Gou2014,5
ADAM8,9.42479,yulist2,5
STC1,9.04832,Eichstaedt2014apriorilist,5
STC1,9.04832,Eichstaedt2015apriori,5
STC1,9.04832,yulist1,5
STC1,9.04832,yulist2,5
STC1,9.04832,Ortiz.Barahona2010HRElocations,5
SIRT1,8.73658,Eichstaedt2014apriorilist,5
SIRT1,8.73658,Eichstaedt2015apriori,5
SIRT1,8.73658,yulist1,5
SIRT1,8.73658,Halllist1,5
SIRT1,8.73658,yulist2,5
AQP1,8.44931,Eichstaedt2014apriorilist,5
AQP1,8.44931,Eichstaedt2015apriori,5
AQP1,8.44931,Huerta.sanchez2013hypoxgeneset,5
AQP1,8.44931,yulist1,5
AQP1,8.44931,yulist2,5
CDH13,8.42374,Simonson2010,5
CDH13,8.42374,Sheinfeldt2012,5
CDH13,8.42374,Arciero2018,5
CDH13,8.42374,Moore2017,5
CDH13,8.42374,Ortiz.Barahona2010HRElocations,5
APOLD1,7.78557,Simonson2010apriorilist,5
APOLD1,7.78557,Huerta.sanchez2013hypoxgeneset,5
APOLD1,7.78557,yulist1,5
APOLD1,7.78557,yulist2,5
APOLD1,7.78557,Ortiz.Barahona2010HRElocations,5
UBB,7.73372,Eichstaedt2014apriorilist,5
UBB,7.73372,Eichstaedt2015apriori,5
UBB,7.73372,Sheinfeldt2012,5
UBB,7.73372,yulist1,5
UBB,7.73372,yulist2,5
BMP2,7.70445,Sheinfeldt2012,5
BMP2,7.70445,Huerta.sanchez2013hypoxgeneset,5
BMP2,7.70445,yulist1,5
BMP2,7.70445,yulist2,5
BMP2,7.70445,Ortiz.Barahona2010HRElocations,5
CHRNA4,7.53263,Simonson2010apriorilist,5
CHRNA4,7.53263,Huerta.sanchez2013hypoxgeneset,5
CHRNA4,7.53263,yulist1,5
CHRNA4,7.53263,Gou2014,5
CHRNA4,7.53263,yulist2,5
ATP1B1,6.77386,Simonson2010apriorilist,5
ATP1B1,6.77386,Bigham2010,5
ATP1B1,6.77386,Huerta.sanchez2013hypoxgeneset,5
ATP1B1,6.77386,yulist1,5
ATP1B1,6.77386,yulist2,5
VAV3,6.41149,Sheinfeldt2012,5
VAV3,6.41149,Witt2019,5
VAV3,6.41149,Halllist1,5
VAV3,6.41149,halllist2,5
VAV3,6.41149,Moore2017,5
SGK3,6.272,Zhou2013,5
SGK3,6.272,Simonson2010,5
SGK3,6.272,Sheinfeldt2012,5
SGK3,6.272,Witt2019,5
SGK3,6.272,Gou2014,5
ENO1,6.17614,Sheinfeldt2012,5
ENO1,6.17614,yulist1,5
ENO1,6.17614,Halllist1,5
ENO1,6.17614,yulist2,5
ENO1,6.17614,Ortiz.Barahona2010HRElocations,5
E2F1,6.11612,Eichstaedt2014apriorilist,5
E2F1,6.11612,Eichstaedt2015apriori,5
E2F1,6.11612,Huerta.sanchez2013hypoxgeneset,5
E2F1,6.11612,yulist1,5
E2F1,6.11612,yulist2,5
AKT1,6.03954,Simonson2010apriorilist,5
AKT1,6.03954,Eichstaedt2014apriorilist,5
AKT1,6.03954,Eichstaedt2015apriori,5
AKT1,6.03954,yulist1,5
AKT1,6.03954,yulist2,5
PDK1,6.03469,Eichstaedt2014apriorilist,5
PDK1,6.03469,Eichstaedt2015apriori,5
PDK1,6.03469,yulist1,5
PDK1,6.03469,yulist2,5
PDK1,6.03469,Ortiz.Barahona2010HRElocations,5
SERPINE1,19.9416,Eichstaedt2017,4
SERPINE1,19.9416,Eichstaedt2014,4
SERPINE1,19.9416,Eichstaedt2015,4
SERPINE1,19.9416,Ortiz.Barahona2010HRElocations,4
PSME2,12.9413,Yi2010,4
PSME2,12.9413,Eichstaedt2014,4
PSME2,12.9413,yulist1,4
PSME2,12.9413,yulist2,4
CSMD1,12.2465,Simonson2010,4
CSMD1,12.2465,Alkorta.Aranburu2012,4
CSMD1,12.2465,Sheinfeldt2012,4
CSMD1,12.2465,Arciero2018,4
ASTN2,11.9844,Simonson2010,4
ASTN2,11.9844,Sheinfeldt2012,4
ASTN2,11.9844,Artigas2015,4
ASTN2,11.9844,Arciero2018,4
LMNA,11.9214,Eichstaedt2014apriorilist,4
LMNA,11.9214,Eichstaedt2015apriori,4
LMNA,11.9214,yulist1,4
LMNA,11.9214,yulist2,4
TXN2,11.8951,Simonson2010apriorilist,4
TXN2,11.8951,Huerta.sanchez2013hypoxgeneset,4
TXN2,11.8951,yulist1,4
TXN2,11.8951,yulist2,4
DYSF,11.4888,Simonson2010,4
DYSF,11.4888,Peng2010,4
DYSF,11.4888,Sheinfeldt2012,4
DYSF,11.4888,Ortiz.Barahona2010HRElocations,4
RPH3A,11.125,Bigham2010,4
RPH3A,11.125,Sheinfeldt2012,4
RPH3A,11.125,Udpa204,4
RPH3A,11.125,Clemente2014,4
UBC,10.8967,Eichstaedt2014apriorilist,4
UBC,10.8967,Eichstaedt2015apriori,4
UBC,10.8967,yulist1,4
UBC,10.8967,yulist2,4
CNTNAP2,10.8489,Zhou2013,4
CNTNAP2,10.8489,Alkorta.Aranburu2012,4
CNTNAP2,10.8489,Sheinfeldt2012,4
CNTNAP2,10.8489,Arciero2018,4
VCAM1,10.692,Eichstaedt2014,4
VCAM1,10.692,Huerta.sanchez2013hypoxgeneset,4
VCAM1,10.692,yulist1,4
VCAM1,10.692,yulist2,4
ACVRL1,10.5366,Yi2010,4
ACVRL1,10.5366,yulist1,4
ACVRL1,10.5366,yulist2,4
ACVRL1,10.5366,Ortiz.Barahona2010HRElocations,4
YTHDC1,10.3888,Eichstaedt2017,4
YTHDC1,10.3888,Eichstaedt2014,4
YTHDC1,10.3888,Bigham2014diffexprgenes,4
YTHDC1,10.3888,Clemente2014,4
ETS1,10.2996,Eichstaedt2014apriorilist,4
ETS1,10.2996,Eichstaedt2015apriori,4
ETS1,10.2996,yulist1,4
ETS1,10.2996,yulist2,4
DPP4,10.2603,Simonson2010apriorilist,4
DPP4,10.2603,Huerta.sanchez2013hypoxgeneset,4
DPP4,10.2603,yulist1,4
DPP4,10.2603,yulist2,4
TGFB1,10.1878,Simonson2010apriorilist,4
TGFB1,10.1878,Bigham2010,4
TGFB1,10.1878,Huerta.sanchez2013hypoxgeneset,4
TGFB1,10.1878,halllist2,4
PDE4D,9.97257,Simonson2010,4
PDE4D,9.97257,Sheinfeldt2012,4
PDE4D,9.97257,Arciero2018,4
PDE4D,9.97257,Clemente2014,4
PARD3B,9.89932,Zhou2013,4
PARD3B,9.89932,Simonson2010,4
PARD3B,9.89932,Bigham2010,4
PARD3B,9.89932,Arciero2018,4
ASCL2,9.82378,Simonson2010apriorilist,4
ASCL2,9.82378,Huerta.sanchez2013hypoxgeneset,4
ASCL2,9.82378,yulist1,4
ASCL2,9.82378,yulist2,4
OAS1,9.63009,Peng2010,4
OAS1,9.63009,Bigham2010,4
OAS1,9.63009,Sheinfeldt2012,4
OAS1,9.63009,Udpa204,4
BIRC2,9.33744,Simonson2010apriorilist,4
BIRC2,9.33744,Huerta.sanchez2013hypoxgeneset,4
BIRC2,9.33744,yulist1,4
BIRC2,9.33744,yulist2,4
HIPK2,8.57879,Eichstaedt2014apriorilist,4
HIPK2,8.57879,Eichstaedt2015apriori,4
HIPK2,8.57879,yulist1,4
HIPK2,8.57879,yulist2,4
ERCC3,8.50906,Simonson2010apriorilist,4
ERCC3,8.50906,Huerta.sanchez2013hypoxgeneset,4
ERCC3,8.50906,yulist1,4
ERCC3,8.50906,yulist2,4
DUOX2,8.50152,Zhou2013,4
DUOX2,8.50152,Eichstaedt2014apriorilist,4
DUOX2,8.50152,Eichstaedt2015apriori,4
DUOX2,8.50152,yulist1,4
SLC2A8,8.32747,Simonson2010apriorilist,4
SLC2A8,8.32747,Huerta.sanchez2013hypoxgeneset,4
SLC2A8,8.32747,yulist1,4
SLC2A8,8.32747,yulist2,4
PDGFB,8.14452,Simonson2010apriorilist,4
PDGFB,8.14452,Sheinfeldt2012,4
PDGFB,8.14452,Huerta.sanchez2013hypoxgeneset,4
PDGFB,8.14452,Ortiz.Barahona2010HRElocations,4
DRD2,8.01148,Sheinfeldt2012,4
DRD2,8.01148,Arciero2018,4
DRD2,8.01148,yulist1,4
DRD2,8.01148,yulist2,4
ITPR2,7.89655,Simonson2010apriorilist,4
ITPR2,7.89655,Huerta.sanchez2013hypoxgeneset,4
ITPR2,7.89655,yulist1,4
ITPR2,7.89655,yulist2,4
KCNA5,7.85991,Simonson2010apriorilist,4
KCNA5,7.85991,Huerta.sanchez2013hypoxgeneset,4
KCNA5,7.85991,yulist1,4
KCNA5,7.85991,yulist2,4
CASP1,7.79295,Simonson2010apriorilist,4
CASP1,7.79295,Huerta.sanchez2013,4
CASP1,7.79295,Huerta.sanchez2013hypoxgeneset,4
CASP1,7.79295,Witt2019,4
PRDX5,7.64663,Eichstaedt2017,4
PRDX5,7.64663,Eichstaedt2014apriorilist,4
PRDX5,7.64663,Eichstaedt2014,4
PRDX5,7.64663,Eichstaedt2015apriori,4
HGF,7.62789,Eichstaedt2014apriorilist,4
HGF,7.62789,Eichstaedt2015apriori,4
HGF,7.62789,Alkorta.Aranburu2012,4
HGF,7.62789,Witt2019,4
TLR2,7.51061,Sheinfeldt2012,4
TLR2,7.51061,Huerta.sanchez2013hypoxgeneset,4
TLR2,7.51061,yulist1,4
TLR2,7.51061,yulist2,4
CD34,7.50369,Eichstaedt2014apriorilist,4
CD34,7.50369,Eichstaedt2015apriori,4
CD34,7.50369,yulist1,4
CD34,7.50369,yulist2,4
RORC,7.27898,Simonson2010apriorilist,4
RORC,7.27898,yulist1,4
RORC,7.27898,yulist2,4
RORC,7.27898,Ortiz.Barahona2010HRElocations,4
FABP1,7.26067,Eichstaedt2014apriorilist,4
FABP1,7.26067,Eichstaedt2015apriori,4
FABP1,7.26067,yulist1,4
FABP1,7.26067,yulist2,4
SDK1,7.23758,Simonson2010,4
SDK1,7.23758,Bigham2010,4
SDK1,7.23758,Alkorta.Aranburu2012,4
SDK1,7.23758,Arciero2018,4
SNAI3,6.93983,Bigham2009,4
SNAI3,6.93983,Bigham2010,4
SNAI3,6.93983,yulist1,4
SNAI3,6.93983,Bigham2014canidatelist,4
DDAH1,6.81989,Zhou2013,4
DDAH1,6.81989,Simonson2010apriorilist,4
DDAH1,6.81989,yulist1,4
DDAH1,6.81989,yulist2,4
STUB1,6.6323,Sheinfeldt2012,4
STUB1,6.6323,yulist1,4
STUB1,6.6323,Gou2014,4
STUB1,6.6323,yulist2,4
EGR1,6.56613,Eichstaedt2014apriorilist,4
EGR1,6.56613,Eichstaedt2015apriori,4
EGR1,6.56613,yulist1,4
EGR1,6.56613,yulist2,4
ULBP1,6.45407,Eichstaedt2014,4
ULBP1,6.45407,Sheinfeldt2012,4
ULBP1,6.45407,yulist1,4
ULBP1,6.45407,Bigham2014diffexprgenes,4
MYOCD,6.45407,Eichstaedt2014apriorilist,4
MYOCD,6.45407,Eichstaedt2015apriori,4
MYOCD,6.45407,yulist1,4
MYOCD,6.45407,yulist2,4
PRIM2,6.37384,Zhou2013,4
PRIM2,6.37384,Simonson2010,4
PRIM2,6.37384,Udpa204,4
PRIM2,6.37384,Clemente2014,4
KIAA1958,6.34323,Simonson2010,4
KIAA1958,6.34323,Sheinfeldt2012,4
KIAA1958,6.34323,Udpa204,4
KIAA1958,6.34323,Ortiz.Barahona2010HRElocations,4
PDGFC,6.08264,Peng2010,4
PDGFC,6.08264,Eichstaedt2014apriorilist,4
PDGFC,6.08264,Eichstaedt2015apriori,4
PDGFC,6.08264,Clemente2014,4
KITLG,6.0397,Eichstaedt2017,4
KITLG,6.0397,Simonson2010,4
KITLG,6.0397,Alkorta.Aranburu2012,4
KITLG,6.0397,Sheinfeldt2012,4
IL17A,22.3467,Eichstaedt2017,3
IL17A,22.3467,Simonson2010,3
IL17A,22.3467,Eichstaedt2014,3
PLXNA4,20.5105,Eichstaedt2014,3
PLXNA4,20.5105,Sheinfeldt2012,3
PLXNA4,20.5105,Witt2019,3
MUC12,19.9416,Eichstaedt2017,3
MUC12,19.9416,Eichstaedt2014,3
MUC12,19.9416,Eichstaedt2015,3
MUC17,19.9416,Eichstaedt2017,3
MUC17,19.9416,Eichstaedt2014,3
MUC17,19.9416,Eichstaedt2015,3
AP1S1,16.949,Eichstaedt2017,3
AP1S1,16.949,Eichstaedt2014,3
AP1S1,16.949,Eichstaedt2015,3
ITSN2,16.812,Zhou2013,3
ITSN2,16.812,Udpa204,3
ITSN2,16.812,Li2018,3
EYS,15.8369,Zhou2013,3
EYS,15.8369,Eichstaedt2014,3
EYS,15.8369,Sheinfeldt2012,3
SCNN1B,15.6002,Simonson2010apriorilist,3
SCNN1B,15.6002,Sheinfeldt2012,3
SCNN1B,15.6002,Huerta.sanchez2013hypoxgeneset,3
RANGAP1,14.8408,Peng2010,3
RANGAP1,14.8408,Eichstaedt2014,3
RANGAP1,14.8408,Ortiz.Barahona2010HRElocations,3
YTHDC2,14.2621,Simonson2010,3
YTHDC2,14.2621,Sheinfeldt2012,3
YTHDC2,14.2621,Gou2014,3
SGCD,14.1439,Zhou2013,3
SGCD,14.1439,Udpa204,3
SGCD,14.1439,Arciero2018,3
PDE9A,14.0442,Eichstaedt2014apriorilist,3
PDE9A,14.0442,Eichstaedt2015apriori,3
PDE9A,14.0442,Alkorta.Aranburu2012,3
CUX2,14.0409,Bigham2010,3
CUX2,14.0409,Sheinfeldt2012,3
CUX2,14.0409,Udpa204,3
MTA3,13.9778,Zhou2013,3
MTA3,13.9778,Sheinfeldt2012,3
MTA3,13.9778,Udpa204,3
ARID1B,13.7812,Eichstaedt2017,3
ARID1B,13.7812,Zhou2013,3
ARID1B,13.7812,Eichstaedt2014,3
BNIP3L,13.5152,yulist1,3
BNIP3L,13.5152,yulist2,3
BNIP3L,13.5152,Ortiz.Barahona2010HRElocations,3
PSME1,12.9413,Eichstaedt2014,3
PSME1,12.9413,yulist1,3
PSME1,12.9413,yulist2,3
SYNJ2,12.8033,Zhou2013,3
SYNJ2,12.8033,Eichstaedt2014,3
SYNJ2,12.8033,Sheinfeldt2012,3
CDH23,12.3865,Simonson2010,3
CDH23,12.3865,Alkorta.Aranburu2012,3
CDH23,12.3865,Sheinfeldt2012,3
GUCY1A2,12.339,Eichstaedt2017,3
GUCY1A2,12.339,Eichstaedt2014apriorilist,3
GUCY1A2,12.339,Eichstaedt2015apriori,3
AGAP3,11.935,Eichstaedt2014apriorilist,3
AGAP3,11.935,Eichstaedt2015apriori,3
AGAP3,11.935,Arciero2018,3
ZDHHC14,11.7601,Eichstaedt2017,3
ZDHHC14,11.7601,Peng2010,3
ZDHHC14,11.7601,Eichstaedt2014,3
MSI2,11.7553,Alkorta.Aranburu2012,3
MSI2,11.7553,Sheinfeldt2012,3
MSI2,11.7553,Arciero2018,3
PTPRD,11.5655,Bigham2009,3
PTPRD,11.5655,Alkorta.Aranburu2012,3
PTPRD,11.5655,Sheinfeldt2012,3
PCDH15,10.9903,Simonson2010,3
PCDH15,10.9903,Sheinfeldt2012,3
PCDH15,10.9903,Arciero2018,3
NRXN2,10.8383,Eichstaedt2017,3
NRXN2,10.8383,Eichstaedt2014,3
NRXN2,10.8383,Ortiz.Barahona2010HRElocations,3
KCTD12,10.774,Alkorta.Aranburu2012,3
KCTD12,10.774,Witt2019,3
KCTD12,10.774,Moore2017,3
BIRC6,10.2412,Simonson2010,3
BIRC6,10.2412,Alkorta.Aranburu2012,3
BIRC6,10.2412,Sheinfeldt2012,3
COL21A1,9.99404,Eichstaedt2017,3
COL21A1,9.99404,Zhou2013,3
COL21A1,9.99404,Simonson2010,3
TCF4,9.96701,Simonson2010,3
TCF4,9.96701,Peng2010,3
TCF4,9.96701,Alkorta.Aranburu2012,3
SPAG16,9.79284,Alkorta.Aranburu2012,3
SPAG16,9.79284,Sheinfeldt2012,3
SPAG16,9.79284,Clemente2014,3
NEK7,9.64302,Sheinfeldt2012,3
NEK7,9.64302,Arciero2018,3
NEK7,9.64302,Yang2017,3
STON1-GTF2A1L,9.58643,Sheinfeldt2012,3
STON1-GTF2A1L,9.58643,Udpa204,3
STON1-GTF2A1L,9.58643,Arciero2018,3
WWOX,9.55965,Simonson2010,3
WWOX,9.55965,Sheinfeldt2012,3
WWOX,9.55965,Arciero2018,3
FBXL7,9.31349,Eichstaedt2014,3
FBXL7,9.31349,Sheinfeldt2012,3
FBXL7,9.31349,Udpa204,3
PTPRM,9.28679,Bigham2009,3
PTPRM,9.28679,Sheinfeldt2012,3
PTPRM,9.28679,Arciero2018,3
SRF,9.19494,yulist1,3
SRF,9.19494,Halllist1,3
SRF,9.19494,yulist2,3
NKX3-1,9.04832,Eichstaedt2014apriorilist,3
NKX3-1,9.04832,yulist1,3
NKX3-1,9.04832,yulist2,3
SCMH1,8.73831,Zhou2013,3
SCMH1,8.73831,Udpa204,3
SCMH1,8.73831,Gou2014,3
SLFNL1,8.73831,Zhou2013,3
SLFNL1,8.73831,Udpa204,3
SLFNL1,8.73831,Gou2014,3
KLF2,8.71944,Bigham2010,3
KLF2,8.71944,Eichstaedt2014apriorilist,3
KLF2,8.71944,Eichstaedt2015apriori,3
UNKL,8.61143,Zhou2013,3
UNKL,8.61143,Simonson2010,3
UNKL,8.61143,Gou2014,3
DUOX1,8.50152,Zhou2013,3
DUOX1,8.50152,Eichstaedt2014apriorilist,3
DUOX1,8.50152,Eichstaedt2015apriori,3
CTNNA2,8.44998,Alkorta.Aranburu2012,3
CTNNA2,8.44998,Sheinfeldt2012,3
CTNNA2,8.44998,Clemente2014,3
TERT,8.42679,Bigham2010,3
TERT,8.42679,yulist1,3
TERT,8.42679,yulist2,3
PSMB1,8.40774,yulist1,3
PSMB1,8.40774,Bigham2014diffexprgenes,3
PSMB1,8.40774,yulist2,3
PIP5K1B,8.33387,Peng2010,3
PIP5K1B,8.33387,Alkorta.Aranburu2012,3
PIP5K1B,8.33387,Arciero2018,3
HK2,8.28948,yulist1,3
HK2,8.28948,yulist2,3
HK2,8.28948,Ortiz.Barahona2010HRElocations,3
PDGFA,8.20549,Simonson2010apriorilist,3
PDGFA,8.20549,Bigham2010,3
PDGFA,8.20549,Huerta.sanchez2013hypoxgeneset,3
EMP2,8.14396,Eichstaedt2014,3
EMP2,8.14396,Sheinfeldt2012,3
EMP2,8.14396,Artigas2015,3
TEKT5,8.14396,Eichstaedt2014,3
TEKT5,8.14396,Sheinfeldt2012,3
TEKT5,8.14396,Artigas2015,3
CDC42BPG,8.1146,Eichstaedt2017,3
CDC42BPG,8.1146,Eichstaedt2014,3
CDC42BPG,8.1146,Alkorta.Aranburu2012,3
MAP4K2,8.1146,Eichstaedt2017,3
MAP4K2,8.1146,Eichstaedt2014,3
MAP4K2,8.1146,Alkorta.Aranburu2012,3
MEN1,8.1146,Eichstaedt2017,3
MEN1,8.1146,Eichstaedt2014,3
MEN1,8.1146,Alkorta.Aranburu2012,3
KCNMB4,8.03313,Eichstaedt2014apriorilist,3
KCNMB4,8.03313,Eichstaedt2015apriori,3
KCNMB4,8.03313,Alkorta.Aranburu2012,3
SPSB4,7.9587,Alkorta.Aranburu2012,3
SPSB4,7.9587,Sheinfeldt2012,3
SPSB4,7.9587,Arciero2018,3
VASN,7.94854,yulist1,3
VASN,7.94854,Halllist1,3
VASN,7.94854,yulist2,3
PXN,7.92487,Eichstaedt2014apriorilist,3
PXN,7.92487,Eichstaedt2015apriori,3
PXN,7.92487,Ortiz.Barahona2010HRElocations,3
PTN,7.92275,Eichstaedt2014,3
PTN,7.92275,yulist1,3
PTN,7.92275,yulist2,3
TXN,7.90605,Simonson2010apriorilist,3
TXN,7.90605,yulist1,3
TXN,7.90605,yulist2,3
MAP1A,7.88259,Alkorta.Aranburu2012,3
MAP1A,7.88259,Sheinfeldt2012,3
MAP1A,7.88259,Ortiz.Barahona2010HRElocations,3
CARD16,7.79295,Huerta.sanchez2013,3
CARD16,7.79295,yulist1,3
CARD16,7.79295,yulist2,3
CDKN1B,7.78557,yulist1,3
CDKN1B,7.78557,yulist2,3
CDKN1B,7.78557,Ortiz.Barahona2010HRElocations,3
PDE3A,7.78265,Eichstaedt2014apriorilist,3
PDE3A,7.78265,Eichstaedt2015apriori,3
PDE3A,7.78265,Sheinfeldt2012,3
PINX1,7.77893,Eichstaedt2014,3
PINX1,7.77893,Sheinfeldt2012,3
PINX1,7.77893,Ortiz.Barahona2010HRElocations,3
ANXA1,7.56976,Eichstaedt2014apriorilist,3
ANXA1,7.56976,Eichstaedt2015apriori,3
ANXA1,7.56976,Sheinfeldt2012,3
VPS13B,7.54837,Zhou2013,3
VPS13B,7.54837,Sheinfeldt2012,3
VPS13B,7.54837,Udpa204,3
PPARGC1A,7.48373,Arciero2018,3
PPARGC1A,7.48373,yulist1,3
PPARGC1A,7.48373,yulist2,3
CAMK2D,7.35391,Simonson2010apriorilist,3
CAMK2D,7.35391,Simonson2010,3
CAMK2D,7.35391,Witt2019,3
PLD5,7.23929,Sheinfeldt2012,3
PLD5,7.23929,Udpa204,3
PLD5,7.23929,Ortiz.Barahona2010HRElocations,3
SEMA5A,7.23316,Arciero2018,3
SEMA5A,7.23316,Clemente2014,3
SEMA5A,7.23316,Ortiz.Barahona2010HRElocations,3
STXBP5L,7.18405,Eichstaedt2017,3
STXBP5L,7.18405,Arciero2018,3
STXBP5L,7.18405,Clemente2014,3
PSMD11,7.16962,Alkorta.Aranburu2012,3
PSMD11,7.16962,yulist1,3
PSMD11,7.16962,yulist2,3
PIN1,6.9666,Sheinfeldt2012,3
PIN1,6.9666,yulist1,3
PIN1,6.9666,yulist2,3
CYBA,6.93983,yulist1,3
CYBA,6.93983,Bigham2014diffexprgenes,3
CYBA,6.93983,yulist2,3
NELL1,6.75472,Simonson2010,3
NELL1,6.75472,Sheinfeldt2012,3
NELL1,6.75472,Arciero2018,3
AK4,6.74161,Eichstaedt2017,3
AK4,6.74161,yulist1,3
AK4,6.74161,yulist2,3
ANGPT2,6.73234,Huerta.sanchez2013hypoxgeneset,3
ANGPT2,6.73234,yulist1,3
ANGPT2,6.73234,yulist2,3
UTRN,6.70788,Zhou2013,3
UTRN,6.70788,Simonson2010,3
UTRN,6.70788,Alkorta.Aranburu2012,3
TSHZ3,6.64363,Eichstaedt2014,3
TSHZ3,6.64363,Sheinfeldt2012,3
TSHZ3,6.64363,Bigham2014diffexprgenes,3
ZNF638,6.57748,Simonson2010,3
ZNF638,6.57748,Peng2010,3
ZNF638,6.57748,Bigham2014diffexprgenes,3
SV2B,6.56516,Simonson2010,3
SV2B,6.56516,Sheinfeldt2012,3
SV2B,6.56516,Clemente2014,3
PSD3,6.55607,Alkorta.Aranburu2012,3
PSD3,6.55607,Sheinfeldt2012,3
PSD3,6.55607,Ortiz.Barahona2010HRElocations,3
CST3,6.50767,Eichstaedt2014apriorilist,3
CST3,6.50767,Eichstaedt2015apriori,3
CST3,6.50767,Huerta.sanchez2013hypoxgeneset,3
HSDL2,6.34323,Simonson2010,3
HSDL2,6.34323,Sheinfeldt2012,3
HSDL2,6.34323,Udpa204,3
TFRC,6.33042,Simonson2010apriorilist,3
TFRC,6.33042,Huerta.sanchez2013hypoxgeneset,3
TFRC,6.33042,Witt2019,3
PIK3R3,6.26516,Simonson2010apriorilist,3
PIK3R3,6.26516,yulist1,3
PIK3R3,6.26516,yulist2,3
OR2L13,6.25615,Sheinfeldt2012,3
OR2L13,6.25615,Udpa204,3
OR2L13,6.25615,Arciero2018,3
MAPKAPK2,6.15367,Peng2010,3
MAPKAPK2,6.15367,Alkorta.Aranburu2012,3
MAPKAPK2,6.15367,Moore2017,3
PPARG,6.10145,Simonson2010,3
PPARG,6.10145,yulist1,3
PPARG,6.10145,halllist2,3
IL17F,22.3467,Eichstaedt2017,2
IL17F,22.3467,Eichstaedt2014,2
MCM3,22.3467,Eichstaedt2017,2
MCM3,22.3467,Eichstaedt2014,2
ACACB,21.456,Eichstaedt2015,2
ACACB,21.456,halllist2,2
EXOC4,21.3855,Zhou2013,2
EXOC4,21.3855,Simonson2010,2
PSMA6,20.6549,yulist1,2
PSMA6,20.6549,yulist2,2
TRIM56,19.9416,Eichstaedt2017,2
TRIM56,19.9416,Eichstaedt2014,2
SVOP,19.7569,Sheinfeldt2012,2
SVOP,19.7569,Udpa204,2
FRMPD2,19.1609,Eichstaedt2017,2
FRMPD2,19.1609,Simonson2010,2
RCOR1,19.0762,Sheinfeldt2012,2
RCOR1,19.0762,Ortiz.Barahona2010HRElocations,2
CMA1,18.0335,Eichstaedt2014apriorilist,2
CMA1,18.0335,Eichstaedt2015apriori,2
CTSG,18.0335,Eichstaedt2014apriorilist,2
CTSG,18.0335,Eichstaedt2015apriori,2
GZMH,18.0335,Eichstaedt2014apriorilist,2
GZMH,18.0335,Eichstaedt2015apriori,2
FBXO42,17.6607,Sheinfeldt2012,2
FBXO42,17.6607,Ortiz.Barahona2010HRElocations,2
RMI2,17.6402,Eichstaedt2017,2
RMI2,17.6402,Eichstaedt2014,2
SOCS1,17.6402,Eichstaedt2017,2
SOCS1,17.6402,Ortiz.Barahona2010HRElocations,2
CIITA,17.3161,Zhou2013,2
CIITA,17.3161,Sheinfeldt2012,2
CLEC16A,17.3161,Eichstaedt2017,2
CLEC16A,17.3161,Sheinfeldt2012,2
PTPRT,17.1105,Sheinfeldt2012,2
PTPRT,17.1105,Udpa204,2
FIS1,16.949,yulist1,2
FIS1,16.949,yulist2,2
PSMB11,16.8293,yulist1,2
PSMB11,16.8293,yulist2,2
PSMB5,16.8293,yulist1,2
PSMB5,16.8293,yulist2,2
B3GNTL1,16.5981,Zhou2013,2
B3GNTL1,16.5981,Udpa204,2
RARB,16.5431,Sheinfeldt2012,2
RARB,16.5431,Artigas2015,2
FRMD4B,16.5178,Udpa204,2
FRMD4B,16.5178,Arciero2018,2
VDR,16.2411,O.Brien2019,2
VDR,16.2411,Moore2017,2
SLC8A3,15.8456,yulist1,2
SLC8A3,15.8456,yulist2,2
PSMC4,15.3129,yulist1,2
PSMC4,15.3129,yulist2,2
ELOVL5,15.2515,Eichstaedt2017,2
ELOVL5,15.2515,Eichstaedt2014,2
SOX12,15.2435,Sheinfeldt2012,2
SOX12,15.2435,Ortiz.Barahona2010HRElocations,2
APOBR,15.073,Eichstaedt2017,2
APOBR,15.073,Clemente2014,2
CLN3,15.073,Eichstaedt2017,2
CLN3,15.073,Clemente2014,2
IL27,15.073,Eichstaedt2017,2
IL27,15.073,Clemente2014,2
NUPR1,15.073,Eichstaedt2017,2
NUPR1,15.073,Clemente2014,2
SULT1A2,15.073,Eichstaedt2017,2
SULT1A2,15.073,Hu2017,2
BRPF3,14.9353,Eichstaedt2014,2
BRPF3,14.9353,Sheinfeldt2012,2
FAM19A1,14.911,Eichstaedt2014,2
FAM19A1,14.911,Sheinfeldt2012,2
L3MBTL2,14.8408,Peng2010,2
L3MBTL2,14.8408,Eichstaedt2014,2
ZC3H7B,14.8408,Peng2010,2
ZC3H7B,14.8408,Eichstaedt2014,2
KIAA1217,14.4301,Simonson2010,2
KIAA1217,14.4301,Alkorta.Aranburu2012,2
FMNL2,14.3447,Simonson2010,2
FMNL2,14.3447,Alkorta.Aranburu2012,2
ERG,14.2955,Bigham2009,2
ERG,14.2955,Simonson2010,2
PDSS1,14.2879,Eichstaedt2017,2
PDSS1,14.2879,Eichstaedt2014,2
ADH1A,14.2661,Alkorta.Aranburu2012,2
ADH1A,14.2661,Huerta.sanchez2013,2
ADH1B,14.2661,Alkorta.Aranburu2012,2
ADH1B,14.2661,Huerta.sanchez2013,2
ADH1C,14.2661,Alkorta.Aranburu2012,2
ADH1C,14.2661,Huerta.sanchez2013,2
ADH7,14.2661,Alkorta.Aranburu2012,2
ADH7,14.2661,Yang2017,2
MCC,14.2621,Simonson2010,2
MCC,14.2621,Sheinfeldt2012,2
METRNL,14.2074,Zhou2013,2
METRNL,14.2074,Udpa204,2
CACNA1B,14.1972,Eichstaedt2014,2
CACNA1B,14.1972,Alkorta.Aranburu2012,2
HAAO,13.9778,Simonson2010apriorilist,2
HAAO,13.9778,Sheinfeldt2012,2
TRIM69,13.8595,Alkorta.Aranburu2012,2
TRIM69,13.8595,Sheinfeldt2012,2
ENDOG,13.6476,yulist1,2
ENDOG,13.6476,yulist2,2
LRGUK,13.5172,Udpa204,2
LRGUK,13.5172,Gou2014,2
VPS41,13.4354,Alkorta.Aranburu2012,2
VPS41,13.4354,Sheinfeldt2012,2
PRDM2,13.4288,Simonson2010,2
PRDM2,13.4288,Alkorta.Aranburu2012,2
TEK,13.2562,yulist1,2
TEK,13.2562,yulist2,2
HK1,13.1562,Peng2010,2
HK1,13.1562,Ortiz.Barahona2010HRElocations,2
ZFHX3,13.1497,Zhou2013,2
ZFHX3,13.1497,Sheinfeldt2012,2
ADAMTSL4,13.0102,Sheinfeldt2012,2
ADAMTSL4,13.0102,Artigas2015,2
ENSA,13.0102,Sheinfeldt2012,2
ENSA,13.0102,Artigas2015,2
MCL1,13.0102,Sheinfeldt2012,2
MCL1,13.0102,Artigas2015,2
GTF2H5,12.8033,Zhou2013,2
GTF2H5,12.8033,Eichstaedt2014,2
SERAC1,12.8033,Zhou2013,2
SERAC1,12.8033,Eichstaedt2014,2
SLC9A2,12.7786,Arciero2018,2
SLC9A2,12.7786,Gou2014,2
FHIT,12.7517,Alkorta.Aranburu2012,2
FHIT,12.7517,Sheinfeldt2012,2
FGA,12.6617,Sheinfeldt2012,2
FGA,12.6617,Crawford2017,2
FGB,12.6617,Sheinfeldt2012,2
FGB,12.6617,Crawford2017,2
FGG,12.6617,Sheinfeldt2012,2
FGG,12.6617,Crawford2017,2
MACROD2,12.6452,Zhou2013,2
MACROD2,12.6452,yulist1,2
GALNT10,12.3205,Eichstaedt2014,2
GALNT10,12.3205,Ortiz.Barahona2010HRElocations,2
ATG2B,12.3205,Eichstaedt2017,2
ATG2B,12.3205,Eichstaedt2014,2
TTC27,12.2006,Simonson2010,2
TTC27,12.2006,Alkorta.Aranburu2012,2
PENK,12.1447,yulist1,2
PENK,12.1447,yulist2,2
ILDR1,12.1281,Simonson2010,2
ILDR1,12.1281,Ortiz.Barahona2010HRElocations,2
ETNK1,12.0384,Simonson2010,2
ETNK1,12.0384,Udpa204,2
CLINT1,11.9793,Simonson2010,2
CLINT1,11.9793,Sheinfeldt2012,2
SLC52A3,11.8826,O.Brien2019,2
SLC52A3,11.8826,Arciero2018,2
MECOM,11.8504,Sheinfeldt2012,2
MECOM,11.8504,Arciero2018,2
ADH6,11.7742,Alkorta.Aranburu2012,2
ADH6,11.7742,Huerta.sanchez2013,2
GPRIN2,11.7158,Zhou2013,2
GPRIN2,11.7158,Udpa204,2
SYT15,11.7158,Zhou2013,2
SYT15,11.7158,Udpa204,2
DGKB,11.5441,Sheinfeldt2012,2
DGKB,11.5441,Arciero2018,2
NPAS3,11.4171,Artigas2015,2
NPAS3,11.4171,Ortiz.Barahona2010HRElocations,2
TSNAX,11.2514,Simonson2010,2
TSNAX,11.2514,Peng2010,2
DCHS2,11.1666,Sheinfeldt2012,2
DCHS2,11.1666,Arciero2018,2
CKMT1A,11.1395,Alkorta.Aranburu2012,2
CKMT1A,11.1395,Sheinfeldt2012,2
PIP4K2A,11.1088,Zhou2013,2
PIP4K2A,11.1088,Sheinfeldt2012,2
SPAG6,11.1088,Sheinfeldt2012,2
SPAG6,11.1088,Udpa204,2
ZNF236,11.081,Sheinfeldt2012,2
ZNF236,11.081,Hu2017,2
LHX5,10.997,Bigham2010,2
LHX5,10.997,Sheinfeldt2012,2
SDS,10.997,Bigham2010,2
SDS,10.997,Sheinfeldt2012,2
SDSL,10.997,Bigham2010,2
SDSL,10.997,Sheinfeldt2012,2
ATP2B4,10.9826,Eichstaedt2014,2
ATP2B4,10.9826,Hu2017,2
FAM107B,10.9784,Bigham2009,2
FAM107B,10.9784,Ortiz.Barahona2010HRElocations,2
PDE1A,10.9655,Eichstaedt2014apriorilist,2
PDE1A,10.9655,Eichstaedt2015apriori,2
SLC22A11,10.8383,Eichstaedt2017,2
SLC22A11,10.8383,Eichstaedt2014,2
SLC22A12,10.8383,Eichstaedt2017,2
SLC22A12,10.8383,Eichstaedt2014,2
PKHD1,10.8053,Simonson2010,2
PKHD1,10.8053,Eichstaedt2014,2
MTUS2,10.7543,Zhou2013,2
MTUS2,10.7543,Arciero2018,2
LUZP2,10.7272,Simonson2010,2
LUZP2,10.7272,Alkorta.Aranburu2012,2
CACNB4,10.5417,Simonson2010,2
CACNB4,10.5417,Sheinfeldt2012,2
ACVR1B,10.5366,Yi2010,2
ACVR1B,10.5366,Ortiz.Barahona2010HRElocations,2
OPCML,10.5274,Simonson2010,2
OPCML,10.5274,Sheinfeldt2012,2
KNTC1,10.4703,Sheinfeldt2012,2
KNTC1,10.4703,Hu2017,2
PAQR8,10.4275,Eichstaedt2017,2
PAQR8,10.4275,Arciero2018,2
EPS8,10.4048,Eichstaedt2014,2
EPS8,10.4048,Udpa204,2
RHEB,10.3983,Sheinfeldt2012,2
RHEB,10.3983,Bigham2014diffexprgenes,2
FTLP10,10.3888,Eichstaedt2014,2
FTLP10,10.3888,Udpa204,2
TMPRSS11B,10.3888,Eichstaedt2017,2
TMPRSS11B,10.3888,Eichstaedt2014,2
TMPRSS11BNL,10.3888,Eichstaedt2017,2
TMPRSS11BNL,10.3888,Eichstaedt2014,2
DPP8,10.3045,Sheinfeldt2012,2
DPP8,10.3045,Udpa204,2
CTSZ,10.2881,Eichstaedt2014apriorilist,2
CTSZ,10.2881,Eichstaedt2015apriori,2
TLL1,10.2295,Arciero2018,2
TLL1,10.2295,Bigham2014diffexprgenes,2
BACH2,10.2182,Sheinfeldt2012,2
BACH2,10.2182,Arciero2018,2
EPHA6,10.1829,Simonson2010,2
EPHA6,10.1829,Sheinfeldt2012,2
LDLRAD3,10.1455,Bigham2009,2
LDLRAD3,10.1455,Sheinfeldt2012,2
EFEMP1,10.1451,Simonson2010,2
EFEMP1,10.1451,Artigas2015,2
TGFBR2,10.078,yulist1,2
TGFBR2,10.078,yulist2,2
PARD3,10.0604,Sheinfeldt2012,2
PARD3,10.0604,Bigham2014diffexprgenes,2
DAB1,10.0382,Simonson2010,2
DAB1,10.0382,Sheinfeldt2012,2
IGFBP3,10.0313,Bigham2010,2
IGFBP3,10.0313,Ortiz.Barahona2010HRElocations,2
FAM19A5,10.026,Sheinfeldt2012,2
FAM19A5,10.026,Ortiz.Barahona2010HRElocations,2
NRG1,10.0126,Sheinfeldt2012,2
NRG1,10.0126,Clemente2014,2
ARHGAP24,9.96157,Arciero2018,2
ARHGAP24,9.96157,Clemente2014,2
IL18BP,9.94578,Eichstaedt2014apriorilist,2
IL18BP,9.94578,Eichstaedt2015apriori,2
PSMD7,9.91372,yulist1,2
PSMD7,9.91372,yulist2,2
PRKCH,9.90768,Eichstaedt2017,2
PRKCH,9.90768,Sheinfeldt2012,2
PDPN,9.80247,Simonson2010apriorilist,2
PDPN,9.80247,Alkorta.Aranburu2012,2
JAM2,9.79284,Sheinfeldt2012,2
JAM2,9.79284,Bigham2014diffexprgenes,2
NEGR1,9.78066,Sheinfeldt2012,2
NEGR1,9.78066,Ortiz.Barahona2010HRElocations,2
RBFOX3,9.7456,Sheinfeldt2012,2
RBFOX3,9.7456,Arciero2018,2
MDGA2,9.74419,Sheinfeldt2012,2
MDGA2,9.74419,Ortiz.Barahona2010HRElocations,2
RFX3,9.7255,Yi2010,2
RFX3,9.7255,Sheinfeldt2012,2
ADAM28,9.69203,Sheinfeldt2012,2
ADAM28,9.69203,Udpa204,2
ATP9B,9.62453,Alkorta.Aranburu2012,2
ATP9B,9.62453,Gou2014,2
SLC1A1,9.61049,Bigham2010,2
SLC1A1,9.61049,Sheinfeldt2012,2
AQP3,9.60522,yulist1,2
AQP3,9.60522,yulist2,2
CCZ1,9.56866,Sheinfeldt2012,2
CCZ1,9.56866,Clemente2014,2
CLEC6A,9.5524,Zhou2013,2
CLEC6A,9.5524,Sheinfeldt2012,2
DPYD,9.52346,Sheinfeldt2012,2
DPYD,9.52346,Arciero2018,2
CNTN4,9.50275,Sheinfeldt2012,2
CNTN4,9.50275,Arciero2018,2
DDX54,9.47428,Bigham2010,2
DDX54,9.47428,Sheinfeldt2012,2
OAS2,9.47428,Peng2010,2
OAS2,9.47428,Bigham2010,2
DCTPP1,9.41402,Eichstaedt2017,2
DCTPP1,9.41402,Sheinfeldt2012,2
ITGAL,9.41402,Eichstaedt2017,2
ITGAL,9.41402,Sheinfeldt2012,2
SEPHS2,9.41402,Eichstaedt2017,2
SEPHS2,9.41402,Sheinfeldt2012,2
ZNF688,9.41402,Eichstaedt2017,2
ZNF688,9.41402,Sheinfeldt2012,2
ZNF747,9.41402,Eichstaedt2017,2
ZNF747,9.41402,Sheinfeldt2012,2
ZNF764,9.41402,Eichstaedt2017,2
ZNF764,9.41402,Sheinfeldt2012,2
ZNF768,9.41402,Eichstaedt2017,2
ZNF768,9.41402,Sheinfeldt2012,2
ZNF771,9.41402,Eichstaedt2017,2
ZNF771,9.41402,Sheinfeldt2012,2
ZNF785,9.41402,Eichstaedt2017,2
ZNF785,9.41402,Sheinfeldt2012,2
SLC36A3,9.35789,Alkorta.Aranburu2012,2
SLC36A3,9.35789,Sheinfeldt2012,2
EGFR,9.32678,Simonson2010apriorilist,2
EGFR,9.32678,Ortiz.Barahona2010HRElocations,2
AKAP6,9.31287,Eichstaedt2017,2
AKAP6,9.31287,Alkorta.Aranburu2012,2
GSTA4,9.30486,Eichstaedt2017,2
GSTA4,9.30486,Arciero2018,2
AGBL4,9.27495,Simonson2010,2
AGBL4,9.27495,Sheinfeldt2012,2
JAG2,9.24109,Simonson2010apriorilist,2
JAG2,9.24109,Huerta.sanchez2013hypoxgeneset,2
CEP350,9.18701,Zhou2013,2
CEP350,9.18701,Simonson2010,2
COPB2,9.15676,Alkorta.Aranburu2012,2
COPB2,9.15676,Sheinfeldt2012,2
MRPS22,9.15676,Alkorta.Aranburu2012,2
MRPS22,9.15676,Sheinfeldt2012,2
CAMTA1,9.13669,Alkorta.Aranburu2012,2
CAMTA1,9.13669,Sheinfeldt2012,2
AGAP1,9.12022,Sheinfeldt2012,2
AGAP1,9.12022,Udpa204,2
PHACTR1,9.10868,Simonson2010,2
PHACTR1,9.10868,Peng2010,2
DPEP1,9.08704,Eichstaedt2014apriorilist,2
DPEP1,9.08704,Eichstaedt2015apriori,2
FANCA,9.08704,Yi2010,2
FANCA,9.08704,Gou2014,2
CACNA1C,9.06594,Simonson2010,2
CACNA1C,9.06594,Sheinfeldt2012,2
STMN2,8.98187,Arciero2018,2
STMN2,8.98187,Bigham2014diffexprgenes,2
SUSD5,8.98187,Zhou2013,2
SUSD5,8.98187,Sheinfeldt2012,2
CHST11,8.97822,Bigham2009,2
CHST11,8.97822,Sheinfeldt2012,2
PTPRO,8.92202,Eichstaedt2014,2
PTPRO,8.92202,Alkorta.Aranburu2012,2
P2RX2,8.90534,yulist1,2
P2RX2,8.90534,yulist2,2
PEBP4,8.89897,Sheinfeldt2012,2
PEBP4,8.89897,Ortiz.Barahona2010HRElocations,2
RIMS2,8.82939,Arciero2018,2
RIMS2,8.82939,Clemente2014,2
SPINT1,8.80557,Alkorta.Aranburu2012,2
SPINT1,8.80557,Halllist1,2
ADAL,8.78712,Alkorta.Aranburu2012,2
ADAL,8.78712,Sheinfeldt2012,2
LCMT2,8.78712,Alkorta.Aranburu2012,2
LCMT2,8.78712,Sheinfeldt2012,2
TGM7,8.78712,Alkorta.Aranburu2012,2
TGM7,8.78712,Sheinfeldt2012,2
TP53BP1,8.78712,Alkorta.Aranburu2012,2
TP53BP1,8.78712,Sheinfeldt2012,2
TUBGCP4,8.78712,Alkorta.Aranburu2012,2
TUBGCP4,8.78712,Sheinfeldt2012,2
ZSCAN29,8.78712,Alkorta.Aranburu2012,2
ZSCAN29,8.78712,Sheinfeldt2012,2
ATG5,8.74601,Simonson2010apriorilist,2
ATG5,8.74601,Sheinfeldt2012,2
OLAH,8.73658,Bigham2009,2
OLAH,8.73658,Sheinfeldt2012,2
SUV39H2,8.73658,yulist1,2
SUV39H2,8.73658,yulist2,2
PPARD,8.7163,yulist1,2
PPARD,8.7163,yulist2,2
SERPINA1,8.69024,Simonson2010apriorilist,2
SERPINA1,8.69024,Huerta.sanchez2013hypoxgeneset,2
CLCN7,8.61143,Simonson2010,2
CLCN7,8.61143,Gou2014,2
SUCLG2,8.60617,Eichstaedt2014,2
SUCLG2,8.60617,Alkorta.Aranburu2012,2
ULK4,8.60617,Zhou2013,2
ULK4,8.60617,Bigham2010,2
CARD14,8.57058,Eichstaedt2017,2
CARD14,8.57058,Arciero2018,2
SLC26A11,8.57058,Eichstaedt2017,2
SLC26A11,8.57058,Arciero2018,2
TBC1D16,8.57058,Eichstaedt2017,2
TBC1D16,8.57058,Gou2014,2
ROBO2,8.56197,Eichstaedt2017,2
ROBO2,8.56197,Sheinfeldt2012,2
PSMD14,8.54458,yulist1,2
PSMD14,8.54458,yulist2,2
SGCZ,8.52743,Bigham2010,2
SGCZ,8.52743,Arciero2018,2
ZFP36L1,8.52576,yulist1,2
ZFP36L1,8.52576,yulist2,2
PSMB3,8.50498,yulist1,2
PSMB3,8.50498,yulist2,2
SORD,8.50152,Zhou2013,2
SORD,8.50152,Arciero2018,2
FSIP1,8.46862,Simonson2010,2
FSIP1,8.46862,Eichstaedt2014,2
SLC4A4,8.44474,Simonson2010,2
SLC4A4,8.44474,Udpa204,2
GPR182,8.43324,Simonson2010apriorilist,2
GPR182,8.43324,Huerta.sanchez2013hypoxgeneset,2
FBLN5,8.42682,Eichstaedt2014apriorilist,2
FBLN5,8.42682,Eichstaedt2015apriori,2
BMPR1A,8.42439,Sheinfeldt2012,2
BMPR1A,8.42439,Bigham2014diffexprgenes,2
MARK2,8.4202,Eichstaedt2014,2
MARK2,8.4202,Sheinfeldt2012,2
RCOR2,8.4202,Sheinfeldt2012,2
RCOR2,8.4202,Ortiz.Barahona2010HRElocations,2
MCTP1,8.41674,Sheinfeldt2012,2
MCTP1,8.41674,Ortiz.Barahona2010HRElocations,2
WNT7B,8.40994,Sheinfeldt2012,2
WNT7B,8.40994,Halllist1,2
PAPPA,8.40187,Sheinfeldt2012,2
PAPPA,8.40187,Ortiz.Barahona2010HRElocations,2
PLA1A,8.37038,Simonson2010,2
PLA1A,8.37038,Sheinfeldt2012,2
FXN,8.33387,Eichstaedt2014apriorilist,2
FXN,8.33387,Eichstaedt2015apriori,2
NR3C1,8.31478,Sheinfeldt2012,2
NR3C1,8.31478,Ortiz.Barahona2010HRElocations,2
EIF3CL,8.26859,Eichstaedt2017,2
EIF3CL,8.26859,Clemente2014,2
GNA15,8.26478,Bigham2009,2
GNA15,8.26478,Alkorta.Aranburu2012,2
CNNM1,8.16202,Zhou2013,2
CNNM1,8.16202,Eichstaedt2014,2
ELOB,8.12585,yulist1,2
ELOB,8.12585,yulist2,2
PRSS33,8.12585,Udpa204,2
PRSS33,8.12585,Gou2014,2
ZG16B,8.12585,Udpa204,2
ZG16B,8.12585,Gou2014,2
ATG2A,8.1146,Eichstaedt2017,2
ATG2A,8.1146,Alkorta.Aranburu2012,2
EHD1,8.1146,Eichstaedt2017,2
EHD1,8.1146,Alkorta.Aranburu2012,2
RASGRP2,8.1146,Eichstaedt2017,2
RASGRP2,8.1146,Eichstaedt2014,2
SF1,8.1146,Eichstaedt2017,2
SF1,8.1146,Eichstaedt2014,2
ITSN1,8.11322,Peng2010,2
ITSN1,8.11322,Arciero2018,2
STON1,8.04689,Sheinfeldt2012,2
STON1,8.04689,Udpa204,2
GNG2,8.03276,Sheinfeldt2012,2
GNG2,8.03276,Witt2019,2
TIAM2,7.97295,Sheinfeldt2012,2
TIAM2,7.97295,Clemente2014,2
PFKFB3,7.95988,Sheinfeldt2012,2
PFKFB3,7.95988,Ortiz.Barahona2010HRElocations,2
MEGF6,7.95988,Eichstaedt2017,2
MEGF6,7.95988,Ortiz.Barahona2010HRElocations,2
IMPG1,7.92988,Eichstaedt2017,2
IMPG1,7.92988,Artigas2015,2
SOCS3,7.91737,Simonson2010apriorilist,2
SOCS3,7.91737,Huerta.sanchez2013hypoxgeneset,2
CKMT1B,7.88259,Alkorta.Aranburu2012,2
CKMT1B,7.88259,Sheinfeldt2012,2
STRC,7.88259,Alkorta.Aranburu2012,2
STRC,7.88259,Sheinfeldt2012,2
RALGAPA1,7.87549,Sheinfeldt2012,2
RALGAPA1,7.87549,Clemente2014,2
FLT4,7.8724,Eichstaedt2014apriorilist,2
FLT4,7.8724,Eichstaedt2015apriori,2
VKORC1L1,7.85021,Simonson2010,2
VKORC1L1,7.85021,Alkorta.Aranburu2012,2
PSMD3,7.84963,yulist1,2
PSMD3,7.84963,yulist2,2
USP34,7.82284,Eichstaedt2017,2
USP34,7.82284,Sheinfeldt2012,2
XPO1,7.82284,Eichstaedt2017,2
XPO1,7.82284,Sheinfeldt2012,2
LINGO2,7.79894,Simonson2010,2
LINGO2,7.79894,Sheinfeldt2012,2
SLC14A2,7.79295,Artigas2015,2
SLC14A2,7.79295,Arciero2018,2
ANK2,7.78946,Simonson2010,2
ANK2,7.78946,Sheinfeldt2012,2
SOX7,7.77893,Eichstaedt2014,2
SOX7,7.77893,Sheinfeldt2012,2
SPR,7.71127,Simonson2010apriorilist,2
SPR,7.71127,Sheinfeldt2012,2
EXOC6B,7.71127,Sheinfeldt2012,2
EXOC6B,7.71127,Clemente2014,2
FAM184A,7.70616,Simonson2010,2
FAM184A,7.70616,Eichstaedt2014,2
PBX3,7.67949,Zhou2013,2
PBX3,7.67949,Sheinfeldt2012,2
GNA12,7.67446,Sheinfeldt2012,2
GNA12,7.67446,Arciero2018,2
MAST4,7.66871,Sheinfeldt2012,2
MAST4,7.66871,Arciero2018,2
ADPRH,7.66687,Simonson2010,2
ADPRH,7.66687,Sheinfeldt2012,2
CD80,7.66687,Simonson2010,2
CD80,7.66687,Sheinfeldt2012,2
CD36,7.66222,Eichstaedt2014apriorilist,2
CD36,7.66222,Eichstaedt2015apriori,2
CCDC88B,7.64663,Eichstaedt2017,2
CCDC88B,7.64663,Eichstaedt2014,2
ESRRA,7.64663,Eichstaedt2017,2
ESRRA,7.64663,Eichstaedt2014,2
FKBP2,7.64663,Eichstaedt2017,2
FKBP2,7.64663,Eichstaedt2014,2
GPR137,7.64663,Eichstaedt2017,2
GPR137,7.64663,Eichstaedt2014,2
KCNK4,7.64663,Eichstaedt2017,2
KCNK4,7.64663,Eichstaedt2014,2
PLCB3,7.64663,Eichstaedt2017,2
PLCB3,7.64663,Eichstaedt2014,2
PPP1R14B,7.64663,Eichstaedt2017,2
PPP1R14B,7.64663,Eichstaedt2014,2
RPS6KA4,7.64663,Eichstaedt2017,2
RPS6KA4,7.64663,Eichstaedt2014,2
TRMT112,7.64663,Eichstaedt2017,2
TRMT112,7.64663,Eichstaedt2014,2
ALB,7.62096,Eichstaedt2017,2
ALB,7.62096,Simonson2010apriorilist,2
CTNNA3,7.6082,Alkorta.Aranburu2012,2
CTNNA3,7.6082,Sheinfeldt2012,2
CARS2,7.56925,Simonson2010,2
CARS2,7.56925,Sheinfeldt2012,2
RAB20,7.56925,Simonson2010,2
RAB20,7.56925,Sheinfeldt2012,2
KCNT2,7.55912,Udpa204,2
KCNT2,7.55912,Arciero2018,2
MAD1L1,7.5402,Simonson2010,2
MAD1L1,7.5402,Clemente2014,2
DPF3,7.50483,Simonson2010,2
DPF3,7.50483,Sheinfeldt2012,2
PSMB6,7.50417,yulist1,2
PSMB6,7.50417,yulist2,2
LRRC6,7.49707,Sheinfeldt2012,2
LRRC6,7.49707,Clemente2014,2
PHF20L1,7.49707,Sheinfeldt2012,2
PHF20L1,7.49707,Clemente2014,2
TMEM71,7.49707,Sheinfeldt2012,2
TMEM71,7.49707,Clemente2014,2
CHCHD2,7.47621,yulist1,2
CHCHD2,7.47621,yulist2,2
SCNN1G,7.43215,Simonson2010apriorilist,2
SCNN1G,7.43215,Huerta.sanchez2013hypoxgeneset,2
ROBO1,7.42973,Sheinfeldt2012,2
ROBO1,7.42973,Udpa204,2
ARPC5,7.39802,Alkorta.Aranburu2012,2
ARPC5,7.39802,Sheinfeldt2012,2
NET1,7.38608,Eichstaedt2014apriorilist,2
NET1,7.38608,Eichstaedt2015apriori,2
MRVI1,7.38115,Eichstaedt2014apriorilist,2
MRVI1,7.38115,Eichstaedt2015apriori,2
FOXP1,7.37244,Zhou2013,2
FOXP1,7.37244,Simonson2010,2
TPM1,7.36522,Eichstaedt2014apriorilist,2
TPM1,7.36522,Eichstaedt2015apriori,2
ERC2,7.34822,Sheinfeldt2012,2
ERC2,7.34822,Clemente2014,2
RAP1GAP2,7.33611,Sheinfeldt2012,2
RAP1GAP2,7.33611,Arciero2018,2
PSMC1,7.33561,yulist1,2
PSMC1,7.33561,yulist2,2
ALK,7.32297,Simonson2010,2
ALK,7.32297,Sheinfeldt2012,2
RCAN2,7.32113,Eichstaedt2014,2
RCAN2,7.32113,Sheinfeldt2012,2
PHB2,7.31392,yulist1,2
PHB2,7.31392,yulist2,2
ANAPC7,7.28252,Bigham2010,2
ANAPC7,7.28252,Sheinfeldt2012,2
ARPC3,7.28252,Bigham2010,2
ARPC3,7.28252,Sheinfeldt2012,2
GPN3,7.28252,Bigham2010,2
GPN3,7.28252,Sheinfeldt2012,2
PAK1,7.28213,yulist1,2
PAK1,7.28213,yulist2,2
PLBD2,7.27764,Bigham2010,2
PLBD2,7.27764,Sheinfeldt2012,2
TPCN1,7.27764,Bigham2010,2
TPCN1,7.27764,Sheinfeldt2012,2
ADAMTSL1,7.27209,Bigham2009,2
ADAMTSL1,7.27209,Sheinfeldt2012,2
SMYD3,7.21263,Sheinfeldt2012,2
SMYD3,7.21263,Arciero2018,2
ARHGEF3,7.21004,Sheinfeldt2012,2
ARHGEF3,7.21004,Arciero2018,2
CCDC78,7.17777,Sheinfeldt2012,2
CCDC78,7.17777,Gou2014,2
CHTF18,7.17777,Sheinfeldt2012,2
CHTF18,7.17777,Gou2014,2
CIAO3,7.17777,yulist1,2
CIAO3,7.17777,yulist2,2
GNG13,7.17777,Sheinfeldt2012,2
GNG13,7.17777,Gou2014,2
HAGHL,7.17777,Sheinfeldt2012,2
HAGHL,7.17777,Gou2014,2
METRN,7.17777,Sheinfeldt2012,2
METRN,7.17777,Gou2014,2
MSLN,7.17777,Sheinfeldt2012,2
MSLN,7.17777,Gou2014,2
RPUSD1,7.17777,Sheinfeldt2012,2
RPUSD1,7.17777,Gou2014,2
CXCL12,7.17611,yulist1,2
CXCL12,7.17611,yulist2,2
MYO1D,7.16962,Alkorta.Aranburu2012,2
MYO1D,7.16962,Arciero2018,2
TIGAR,7.16172,yulist1,2
TIGAR,7.16172,yulist2,2
L3MBTL4,7.15628,Sheinfeldt2012,2
L3MBTL4,7.15628,Udpa204,2
MEP1B,7.11969,Simonson2010,2
MEP1B,7.11969,Bigham2014diffexprgenes,2
TRPC6,7.10716,yulist1,2
TRPC6,7.10716,yulist2,2
ZNF177,7.10547,Sheinfeldt2012,2
ZNF177,7.10547,Clemente2014,2
ZNF559,7.10547,Sheinfeldt2012,2
ZNF559,7.10547,Clemente2014,2
ZNF699,7.10547,Sheinfeldt2012,2
ZNF699,7.10547,Clemente2014,2
PSME4,7.08052,yulist1,2
PSME4,7.08052,yulist2,2
DPP10,7.03129,Sheinfeldt2012,2
DPP10,7.03129,Udpa204,2
TMEM181,7.00323,Eichstaedt2017,2
TMEM181,7.00323,Eichstaedt2014,2
PLCH2,6.99908,Eichstaedt2014,2
PLCH2,6.99908,Ortiz.Barahona2010HRElocations,2
ZNF704,6.97775,Sheinfeldt2012,2
ZNF704,6.97775,Udpa204,2
XKR6,6.93395,Eichstaedt2014,2
XKR6,6.93395,Alkorta.Aranburu2012,2
BLOC1S2,6.93395,Simonson2010,2
BLOC1S2,6.93395,Sheinfeldt2012,2
CHUK,6.93395,Simonson2010,2
CHUK,6.93395,Sheinfeldt2012,2
CWF19L1,6.93395,Simonson2010,2
CWF19L1,6.93395,Sheinfeldt2012,2
ERLIN1,6.93395,Simonson2010,2
ERLIN1,6.93395,Sheinfeldt2012,2
SNORA12,6.93395,Simonson2010,2
SNORA12,6.93395,Sheinfeldt2012,2
NFIL3,6.92488,Sheinfeldt2012,2
NFIL3,6.92488,Ortiz.Barahona2010HRElocations,2
ELOC,6.90109,yulist1,2
ELOC,6.90109,yulist2,2
PTPRR,6.90071,Arciero2018,2
PTPRR,6.90071,Ortiz.Barahona2010HRElocations,2
BHLHA15,6.8976,Sheinfeldt2012,2
BHLHA15,6.8976,Gou2014,2
LMTK2,6.8976,Sheinfeldt2012,2
LMTK2,6.8976,Gou2014,2
TECPR1,6.8976,Sheinfeldt2012,2
TECPR1,6.8976,Gou2014,2
MPHOSPH10,6.88608,Simonson2010,2
MPHOSPH10,6.88608,Hu2017,2
GRAMD1C,6.77348,Sheinfeldt2012,2
GRAMD1C,6.77348,Ortiz.Barahona2010HRElocations,2
RPH3AL,6.73727,Sheinfeldt2012,2
RPH3AL,6.73727,Arciero2018,2
RBM47,6.70259,Bigham2009,2
RBM47,6.70259,Arciero2018,2
PXDN,6.69173,Eichstaedt2014apriorilist,2
PXDN,6.69173,Eichstaedt2015apriori,2
GYPE,6.66246,Zhou2013,2
GYPE,6.66246,Udpa204,2
CALCB,6.64735,Simonson2010apriorilist,2
CALCB,6.64735,Sheinfeldt2012,2
CALU,6.64488,Sheinfeldt2012,2
CALU,6.64488,Gou2014,2
CCDC136,6.64488,Sheinfeldt2012,2
CCDC136,6.64488,Gou2014,2
FLNC,6.64488,Sheinfeldt2012,2
FLNC,6.64488,Gou2014,2
IRF5,6.64488,Sheinfeldt2012,2
IRF5,6.64488,Hu2017,2
OPN1SW,6.64488,Sheinfeldt2012,2
OPN1SW,6.64488,Gou2014,2
FBXL16,6.6323,Sheinfeldt2012,2
FBXL16,6.6323,Gou2014,2
JMJD8,6.6323,Sheinfeldt2012,2
JMJD8,6.6323,Gou2014,2
RHBDL1,6.6323,Sheinfeldt2012,2
RHBDL1,6.6323,Gou2014,2
RHOT2,6.6323,Sheinfeldt2012,2
RHOT2,6.6323,Gou2014,2
WDR24,6.6323,Sheinfeldt2012,2
WDR24,6.6323,Gou2014,2
WDR90,6.6323,Sheinfeldt2012,2
WDR90,6.6323,Gou2014,2
ADSL,6.60241,yulist1,2
ADSL,6.60241,yulist2,2
TNRC6B,6.60241,Alkorta.Aranburu2012,2
TNRC6B,6.60241,Udpa204,2
GRIA4,6.56976,Zhou2013,2
GRIA4,6.56976,Sheinfeldt2012,2
PRC1,6.56516,Alkorta.Aranburu2012,2
PRC1,6.56516,Sheinfeldt2012,2
GIPC2,6.55438,Eichstaedt2014,2
GIPC2,6.55438,Clemente2014,2
SHH,6.53112,Simonson2010apriorilist,2
SHH,6.53112,Huerta.sanchez2013hypoxgeneset,2
ALDOC,6.5278,Simonson2010apriorilist,2
ALDOC,6.5278,Huerta.sanchez2013hypoxgeneset,2
CSF3R,6.52278,Eichstaedt2014,2
CSF3R,6.52278,Sheinfeldt2012,2
MRPS15,6.52278,Eichstaedt2014,2
MRPS15,6.52278,Sheinfeldt2012,2
GRM7,6.51273,Peng2010,2
GRM7,6.51273,Sheinfeldt2012,2
RAPGEF5,6.50289,Alkorta.Aranburu2012,2
RAPGEF5,6.50289,Sheinfeldt2012,2
EPHA7,6.48463,Udpa204,2
EPHA7,6.48463,Bigham2014diffexprgenes,2
USH2A,6.45771,Simonson2010,2
USH2A,6.45771,Clemente2014,2
RAET1G,6.45407,Eichstaedt2014,2
RAET1G,6.45407,Sheinfeldt2012,2
ULBP2,6.45407,Eichstaedt2014,2
ULBP2,6.45407,Sheinfeldt2012,2
ULBP3,6.45407,Simonson2010,2
ULBP3,6.45407,Eichstaedt2014,2
BDNF,6.45407,yulist1,2
BDNF,6.45407,Witt2019,2
GDF2,6.44183,Eichstaedt2017,2
GDF2,6.44183,Hu2017,2
MPV17,6.43104,Eichstaedt2014apriorilist,2
MPV17,6.43104,Eichstaedt2015apriori,2
CUBN,6.36687,Simonson2010,2
CUBN,6.36687,Sheinfeldt2012,2
TRDMT1,6.36687,Sheinfeldt2012,2
TRDMT1,6.36687,Arciero2018,2
ZEB1,6.35881,Sheinfeldt2012,2
ZEB1,6.35881,Huerta.sanchez2013,2
SORCS2,6.34761,Sheinfeldt2012,2
SORCS2,6.34761,Arciero2018,2
CADPS,6.34761,Simonson2010,2
CADPS,6.34761,Arciero2018,2
KCNIP4,6.29235,Simonson2010,2
KCNIP4,6.29235,Arciero2018,2
PTTG3P,6.272,Zhou2013,2
PTTG3P,6.272,Sheinfeldt2012,2
PSMD12,6.26732,yulist1,2
PSMD12,6.26732,yulist2,2
HSP90AA1,6.26597,Simonson2010apriorilist,2
HSP90AA1,6.26597,Sheinfeldt2012,2
TXNRD1,6.26448,Eichstaedt2014apriorilist,2
TXNRD1,6.26448,Eichstaedt2015apriori,2
OR2L3,6.25615,Sheinfeldt2012,2
OR2L3,6.25615,Udpa204,2
BBS9,6.25464,Simonson2010,2
BBS9,6.25464,Sheinfeldt2012,2
PLXND1,6.20657,Simonson2010,2
PLXND1,6.20657,Ortiz.Barahona2010HRElocations,2
COX8A,6.18605,Eichstaedt2014,2
COX8A,6.18605,Sheinfeldt2012,2
MACROD1,6.18605,Eichstaedt2017,2
MACROD1,6.18605,Eichstaedt2014,2
DNAJC27,6.17915,Zhou2013,2
DNAJC27,6.17915,Udpa204,2
SETDB1,6.17658,Sheinfeldt2012,2
SETDB1,6.17658,Artigas2015,2
MAFF,6.1604,Bigham2014diffexprgenes,2
MAFF,6.1604,Ortiz.Barahona2010HRElocations,2
IL10,6.15367,Simonson2010apriorilist,2
IL10,6.15367,Sheinfeldt2012,2
MRPS27,6.14247,Eichstaedt2017,2
MRPS27,6.14247,Sheinfeldt2012,2
EPHB1,6.14051,Sheinfeldt2012,2
EPHB1,6.14051,Ortiz.Barahona2010HRElocations,2
GPR25,6.12588,Sheinfeldt2012,2
GPR25,6.12588,Ortiz.Barahona2010HRElocations,2
GRINA,6.10931,Alkorta.Aranburu2012,2
GRINA,6.10931,Gou2014,2
ST6GAL1,6.09307,Simonson2010,2
ST6GAL1,6.09307,Ortiz.Barahona2010HRElocations,2
FLRT1,6.0751,Eichstaedt2017,2
FLRT1,6.0751,Eichstaedt2014,2
RALYL,6.03469,Zhou2013,2
RALYL,6.03469,Arciero2018,2
RFX7,6.03469,Simonson2010,2
RFX7,6.03469,Hu2017,2
RETSAT,6.00515,Sheinfeldt2012,2
RETSAT,6.00515,Hu2017,2
MIR133B,22.3467,Eichstaedt2014,1
TCERG1,22.1664,Sheinfeldt2012,1
C12orf73,20.7427,Sheinfeldt2012,1
GLT8D2,20.7427,Sheinfeldt2012,1
HCFC2,20.7427,Sheinfeldt2012,1
TDG,20.7427,Sheinfeldt2012,1
HS3ST4,20.3012,Sheinfeldt2012,1
CDH12,19.8584,Sheinfeldt2012,1
SNX9,19.8259,Sheinfeldt2012,1
FAM135A,19.7825,Sheinfeldt2012,1
SMAP1,19.7825,Simonson2010,1
DAO,19.7569,Sheinfeldt2012,1
MIR619,19.7569,Sheinfeldt2012,1
SSH1,19.7569,Sheinfeldt2012,1
FOXB1,19.2139,Sheinfeldt2012,1
MAPK8,19.1609,Eichstaedt2017,1
ANKRD9,19.0762,Sheinfeldt2012,1
TECPR2,19.0762,Sheinfeldt2012,1
TMEM14A,18.8502,Eichstaedt2017,1
DUSP27,18.5041,Sheinfeldt2012,1
GPA33,18.5041,Sheinfeldt2012,1
LOC642846,18.2941,Simonson2010,1
RBM19,17.8291,Bigham2010,1
CXCR5,17.7678,Zhou2013,1
PRM1,17.6402,Eichstaedt2017,1
PRM2,17.6402,Eichstaedt2017,1
PRM3,17.6402,Eichstaedt2017,1
TNP2,17.6402,Eichstaedt2017,1
DEXI,17.3161,Sheinfeldt2012,1
PLOD3,16.949,Ortiz.Barahona2010HRElocations,1
NCOA1,16.812,Gou2014,1
HSPA5,16.6481,Simonson2010,1
RABEPK,16.6481,Simonson2010,1
CTSB,16.4462,Alkorta.Aranburu2012,1
FDFT1,16.4462,Alkorta.Aranburu2012,1
GATA4,16.4462,Alkorta.Aranburu2012,1
NEIL2,16.4462,Alkorta.Aranburu2012,1
MNAT1,16.3601,Sheinfeldt2012,1
SLC38A6,16.3601,Sheinfeldt2012,1
TRMT5,16.3601,Sheinfeldt2012,1
ADAMTS13,16.3146,Arciero2018,1
CRYAA,16.3117,Huerta.sanchez2013hypoxgeneset,1
PKNOX1,16.3117,Eichstaedt2014,1
APLP2,16.186,Sheinfeldt2012,1
SAMD12,16.0635,Alkorta.Aranburu2012,1
FOSL2,15.9167,Sheinfeldt2012,1
PLB1,15.9167,Sheinfeldt2012,1
MEIS2,15.9107,Arciero2018,1
GPR20,15.7466,Sheinfeldt2012,1
SLC45A4,15.7466,Sheinfeldt2012,1
USP47,15.7466,Sheinfeldt2012,1
FKBP9,15.7131,Udpa204,1
BCAR1,15.7037,Ortiz.Barahona2010HRElocations,1
POLR3A,15.6881,Simonson2010,1
RPS24,15.6881,Simonson2010,1
COG7,15.6002,Sheinfeldt2012,1
IQGAP2,15.597,Sheinfeldt2012,1
ACSM2A,15.5914,Sheinfeldt2012,1
ACSM5,15.5914,Sheinfeldt2012,1
PDILT,15.5914,Sheinfeldt2012,1
UMOD,15.5914,Sheinfeldt2012,1
LRIG1,15.5208,Simonson2010,1
SLC25A26,15.5208,Simonson2010,1
RYR3,15.4806,Arciero2018,1
EGFEM1P,15.382,Sheinfeldt2012,1
GCLC,15.3328,Eichstaedt2014,1
FBL,15.3129,Ortiz.Barahona2010HRElocations,1
GLIPR1,15.2934,Sheinfeldt2012,1
KRR1,15.2934,Sheinfeldt2012,1
LRP2,15.2813,Arciero2018,1
GCM1,15.2515,Eichstaedt2017,1
GBP6,15.2512,Udpa204,1
C20orf96,15.2435,Sheinfeldt2012,1
DEFB129,15.2435,Sheinfeldt2012,1
DEFB132,15.2435,Sheinfeldt2012,1
NRSN2,15.2435,Sheinfeldt2012,1
ZCCHC3,15.2435,Sheinfeldt2012,1
BCL2L11,15.1878,Ortiz.Barahona2010HRElocations,1
ME2,15.1476,Alkorta.Aranburu2012,1
MRO,15.1476,Alkorta.Aranburu2012,1
MSRA,15.0989,Sheinfeldt2012,1
PLEKHA8P1,15.0986,Sheinfeldt2012,1
MYO3B,15.0943,Alkorta.Aranburu2012,1
NPIPB8,15.073,Eichstaedt2017,1
SULT1A1,15.073,Eichstaedt2017,1
TRIM42,15.0443,Simonson2010,1
ICA1,15.0321,Sheinfeldt2012,1
C6orf222,14.9353,Eichstaedt2014,1
ETV7,14.9353,Eichstaedt2014,1
PNPLA1,14.9353,Eichstaedt2014,1
PXT1,14.9353,Eichstaedt2014,1
ARGFX,14.8859,Arciero2018,1
S1PR1,14.8854,Arciero2018,1
CHADL,14.8408,Eichstaedt2014,1
C16orf74,14.7133,Sheinfeldt2012,1
COX4I1,14.7133,Sheinfeldt2012,1
GINS2,14.7133,Sheinfeldt2012,1
MIR1910,14.7133,Sheinfeldt2012,1
IPCEF1,14.5801,Zhou2013,1
OPRM1,14.5801,Zhou2013,1
ATP2B2,14.4737,Sheinfeldt2012,1
MIR885,14.4737,Sheinfeldt2012,1
CYP19A1,14.4676,Simonson2010apriorilist,1
DMXL2,14.4676,Ortiz.Barahona2010HRElocations,1
KCNG3,14.4262,Ortiz.Barahona2010HRElocations,1
C1orf162,14.3399,Sheinfeldt2012,1
OVGP1,14.3399,Sheinfeldt2012,1
PGCP1,14.3399,Sheinfeldt2012,1
WDR77,14.3399,Sheinfeldt2012,1
OXGR1,14.3214,Zhou2013,1
ABI1,14.2879,Eichstaedt2014,1
USP50,14.2813,Sheinfeldt2012,1
SMOC1,14.2059,Ortiz.Barahona2010HRElocations,1
INPP5A,14.1645,Udpa204,1
KIF26B,14.146,Sheinfeldt2012,1
FAM214B,14.0515,Arciero2018,1
SLC37A1,14.0442,Alkorta.Aranburu2012,1
STK32B,14.0409,Alkorta.Aranburu2012,1
OXER1,13.9778,Sheinfeldt2012,1
HAND1,13.9109,Eichstaedt2014,1
SAP30L,13.9109,Eichstaedt2014,1
COL6A2,13.8873,Alkorta.Aranburu2012,1
FTCD,13.8873,Alkorta.Aranburu2012,1
B2M,13.8595,Sheinfeldt2012,1
DOK5,13.816,Sheinfeldt2012,1
DNAH9,13.8153,Witt2019,1
TMTC1,13.8141,Arciero2018,1
TSSK1B,13.8086,Sheinfeldt2012,1
SLA,13.6518,Sheinfeldt2012,1
TG,13.6518,Sheinfeldt2012,1
SOX6,13.6455,Ortiz.Barahona2010HRElocations,1
PDE1C,13.624,Alkorta.Aranburu2012,1
SLC44A5,13.6093,Alkorta.Aranburu2012,1
C2orf70,13.6058,Sheinfeldt2012,1
CIB4,13.6058,Sheinfeldt2012,1
DRC1,13.6058,Hu2017,1
OTOF,13.6058,Sheinfeldt2012,1
CAPS2,13.5953,Sheinfeldt2012,1
KCNC2,13.5953,Sheinfeldt2012,1
ARHGAP19,13.5828,Sheinfeldt2012,1
SLIT1,13.5828,Sheinfeldt2012,1
PTP4A3,13.5619,Sheinfeldt2012,1
CHST8,13.5608,Ortiz.Barahona2010HRElocations,1
PRKACB,13.512,Sheinfeldt2012,1
DENND4A,13.511,Sheinfeldt2012,1
BAZ1A,13.4731,Eichstaedt2014,1
AMPH,13.4354,Alkorta.Aranburu2012,1
PPP6R2,13.3781,Gou2014,1
MIR551B,13.3253,Sheinfeldt2012,1
CRYZ,13.3048,Alkorta.Aranburu2012,1
TYW3,13.3048,Alkorta.Aranburu2012,1
C11orf87,13.2843,Simonson2010,1
C1R,13.2821,Eichstaedt2014,1
C1RL,13.2821,Eichstaedt2014,1
CLSTN3,13.2821,Eichstaedt2014,1
RBP5,13.2821,Eichstaedt2014,1
DHRS9,13.2561,Sheinfeldt2012,1
PTER,13.2379,Alkorta.Aranburu2012,1
JAK2,13.1818,Simonson2010apriorilist,1
DCPS,13.1634,Sheinfeldt2012,1
KIRREL3,13.1634,Ortiz.Barahona2010HRElocations,1
SRGN,13.1562,Alkorta.Aranburu2012,1
VPS26A,13.1562,Alkorta.Aranburu2012,1
BTBD17,13.0998,Sheinfeldt2012,1
DNAI2,13.0998,Sheinfeldt2012,1
GPR142,13.0998,Sheinfeldt2012,1
KIF19,13.0998,Sheinfeldt2012,1
TTYH2,13.0998,Sheinfeldt2012,1
ECM1,13.0102,Sheinfeldt2012,1
RPRD2,13.0102,Sheinfeldt2012,1
TARS2,13.0102,Sheinfeldt2012,1
CNOT7,12.9874,Sheinfeldt2012,1
MTMR7,12.9874,Sheinfeldt2012,1
VPS37A,12.9874,Sheinfeldt2012,1
ZDHHC2,12.9874,Sheinfeldt2012,1
CHMP4A,12.9413,Eichstaedt2014,1
FITM1,12.9413,Eichstaedt2014,1
GMPR2,12.9413,Eichstaedt2014,1
IPO4,12.9413,Eichstaedt2014,1
IRF9,12.9413,Eichstaedt2014,1
MDP1,12.9413,Eichstaedt2014,1
NEDD8,12.9413,Eichstaedt2014,1
NEDD8-MDP1,12.9413,Eichstaedt2014,1
RABGGTA,12.9413,Eichstaedt2014,1
REC8,12.9413,Eichstaedt2014,1
RNF31,12.9413,Eichstaedt2014,1
TGM1,12.9413,Eichstaedt2014,1
TINF2,12.9413,Eichstaedt2014,1
TM9SF1,12.9413,Eichstaedt2014,1
TSSK4,12.9413,Eichstaedt2014,1
ITK,12.8413,Arciero2018,1
CTNND2,12.8228,Sheinfeldt2012,1
SYNJ2-IT1,12.8033,Eichstaedt2014,1
MFSD9,12.7786,Gou2014,1
ADCY5,12.751,Ortiz.Barahona2010HRElocations,1
CCDC58,12.7408,Sheinfeldt2012,1
CSTA,12.7408,Sheinfeldt2012,1
KPNA1,12.7408,Sheinfeldt2012,1
WDR5B,12.7408,Sheinfeldt2012,1
IGHMBP2,12.7295,Clemente2014,1
B3GNT5,12.7127,Sheinfeldt2012,1
MCF2L2,12.7127,Sheinfeldt2012,1
TBX3,12.7116,Artigas2015,1
PLRG1,12.6617,Sheinfeldt2012,1
ADORA3,12.6454,Sheinfeldt2012,1
USP10,12.5951,Arciero2018,1
FAM19A4,12.5942,Sheinfeldt2012,1
CYP2C19,12.5493,Simonson2010apriorilist,1
CYP2C9,12.5493,Simonson2010apriorilist,1
LHX8,12.5346,Clemente2014,1
IQCB1,12.5162,Simonson2010,1
ANKS1B,12.4722,Simonson2010,1
ZNF385B,12.4598,Sheinfeldt2012,1
ARHGEF19,12.4459,Sheinfeldt2012,1
EPHA2,12.4459,Sheinfeldt2012,1
CDH22,12.3791,Ortiz.Barahona2010HRElocations,1
KCNH7,12.362,Sheinfeldt2012,1
ACHE,12.3205,Sheinfeldt2012,1
SLC12A9,12.3205,Sheinfeldt2012,1
SRRT,12.3205,Sheinfeldt2012,1
TRIP6,12.3205,Sheinfeldt2012,1
UFSP1,12.3205,Sheinfeldt2012,1
BDKRB1,12.3205,Eichstaedt2014,1
BDKRB2,12.3205,Eichstaedt2014,1
PLXDC2,12.294,Eichstaedt2017,1
ADGRL2,12.2748,Arciero2018,1
FOXO3,12.2747,Ortiz.Barahona2010HRElocations,1
DOCK4,12.2743,Sheinfeldt2012,1
ZNF277,12.2743,Sheinfeldt2012,1
ITGAX,12.2016,Arciero2018,1
C11orf24,12.1942,Clemente2014,1
LRP5,12.1942,Clemente2014,1
PPP6R3,12.1942,Clemente2014,1
EAF2,12.1281,Simonson2010,1
SLC15A2,12.1281,Simonson2010,1
DLGAP2,12.1275,Arciero2018,1
ERICH1,12.1275,Sheinfeldt2012,1
SLIT3,12.1259,Ortiz.Barahona2010HRElocations,1
NKAIN2,12.1217,Simonson2010,1
PRSS8,12.1137,Alkorta.Aranburu2012,1
RGSL1,12.0798,Sheinfeldt2012,1
AQP2,12.0351,Sheinfeldt2012,1
AQP5,12.0351,Sheinfeldt2012,1
AQP6,12.0351,Sheinfeldt2012,1
RACGAP1,12.0351,Sheinfeldt2012,1
RCAN1,12.0268,Arciero2018,1
RGL1,11.9908,Alkorta.Aranburu2012,1
TRIM32,11.9844,Sheinfeldt2012,1
KLF10,11.977,Ortiz.Barahona2010HRElocations,1
MRPL21,11.9606,Clemente2014,1
B4GALT1,11.9511,Arciero2018,1
RBM38,11.9511,Li2018,1
ARHGEF2,11.9214,Sheinfeldt2012,1
LAMTOR2,11.9214,Sheinfeldt2012,1
MEX3A,11.9214,Sheinfeldt2012,1
RAB25,11.9214,Sheinfeldt2012,1
SSR2,11.9214,Sheinfeldt2012,1
UBQLN4,11.9214,Sheinfeldt2012,1
AHNAK,11.9187,Ortiz.Barahona2010HRElocations,1
PKNOX2,11.9147,Sheinfeldt2012,1
TMEM218,11.9147,Sheinfeldt2012,1
FSTL5,11.9106,Arciero2018,1
AP3B1,11.908,Sheinfeldt2012,1
HAND2,11.898,Eichstaedt2014,1
EIF3D,11.8951,Sheinfeldt2012,1
FOXRED2,11.8951,Sheinfeldt2012,1
MYH9,11.8951,Halllist1,1
TRPM7,11.8876,Sheinfeldt2012,1
SYNE3,11.8527,Clemente2014,1
RAD51B,11.8496,Arciero2018,1
GALNT2,11.8225,Arciero2018,1
ADH4,11.7742,Alkorta.Aranburu2012,1
GFRAL,11.7681,Clemente2014,1
VPS13C,11.7681,Sheinfeldt2012,1
TMF1,11.7601,Sheinfeldt2012,1
SPRY4,11.7516,Bigham2010,1
HSPB11,11.7278,Eichstaedt2017,1
LRRC42,11.7278,Eichstaedt2017,1
ZNF154,11.6943,Sheinfeldt2012,1
ZNF211,11.6943,Sheinfeldt2012,1
ZNF551,11.6943,Sheinfeldt2012,1
ZNF586,11.6943,Sheinfeldt2012,1
ZNF671,11.6943,Sheinfeldt2012,1
ZNF776,11.6943,Sheinfeldt2012,1
ZSCAN4,11.6943,Sheinfeldt2012,1
DENND5B,11.6937,Sheinfeldt2012,1
POU6F2,11.6916,Alkorta.Aranburu2012,1
NTM,11.6916,Sheinfeldt2012,1
OMA1,11.6899,Sheinfeldt2012,1
SMOC2,11.6702,Bigham2010,1
UBE2I,11.6611,Gou2014,1
FAM118B,11.5581,Sheinfeldt2012,1
FOXRED1,11.5581,Sheinfeldt2012,1
RPUSD4,11.5581,Sheinfeldt2012,1
TKTL2,11.5334,Simonson2010,1
C1GALT1,11.5012,Sheinfeldt2012,1
COL28A1,11.5012,Sheinfeldt2012,1
ZNF320,11.4876,Arciero2018,1
MIR944,11.4846,Sheinfeldt2012,1
TP63,11.4846,Sheinfeldt2012,1
ZFPM2,11.4769,Sheinfeldt2012,1
GUSBP10,11.4752,Sheinfeldt2012,1
ZNF479,11.4752,Sheinfeldt2012,1
VENTXP7,11.4588,Sheinfeldt2012,1
ZNF385D,11.4588,Sheinfeldt2012,1
MGAT5B,11.416,Sheinfeldt2012,1
AMD1,11.4069,Clemente2014,1
ZCWPW2,11.39,Sheinfeldt2012,1
CYFIP1,11.3714,Arciero2018,1
CAPN14,11.3548,Sheinfeldt2012,1
EHD3,11.3548,Sheinfeldt2012,1
GALNT14,11.3548,Arciero2018,1
USP7,11.3317,Li2018,1
TSPAN5,11.3099,Eichstaedt2014,1
HOXD1,11.2892,Zhou2013,1
HOXD3,11.2892,Zhou2013,1
HOXD4,11.2892,Zhou2013,1
PRDM11,11.2876,Sheinfeldt2012,1
DCTN5,11.2644,Sheinfeldt2012,1
ERN2,11.2644,Sheinfeldt2012,1
PLK1,11.2644,Sheinfeldt2012,1
ACADS,11.2611,Sheinfeldt2012,1
CABP1,11.2611,Sheinfeldt2012,1
MLEC,11.2611,Sheinfeldt2012,1
UNC119B,11.2611,Sheinfeldt2012,1
SPRTN,11.2514,Arciero2018,1
TSNAX-DISC1,11.2514,Arciero2018,1
RNF165,11.2126,Ortiz.Barahona2010HRElocations,1
ATP6V0CP3,11.2031,Sheinfeldt2012,1
PRPH2,11.2031,Sheinfeldt2012,1
TBCC,11.2031,Sheinfeldt2012,1
UBR2,11.2031,Sheinfeldt2012,1
GANC,11.1673,Sheinfeldt2012,1
KLF12,11.1605,Simonson2010,1
ASB2,11.1413,Sheinfeldt2012,1
FAM181A,11.1413,Sheinfeldt2012,1
PRIMA1,11.1413,Sheinfeldt2012,1
CATSPER2P1,11.1395,Alkorta.Aranburu2012,1
ELL3,11.1395,Alkorta.Aranburu2012,1
HYPK,11.1395,Alkorta.Aranburu2012,1
MFAP1,11.1395,Alkorta.Aranburu2012,1
PDIA3,11.1395,Alkorta.Aranburu2012,1
SERF2,11.1395,Alkorta.Aranburu2012,1
SERINC4,11.1395,Alkorta.Aranburu2012,1
WDR76,11.1395,Alkorta.Aranburu2012,1
CCDC85A,11.1328,Bigham2014diffexprgenes,1
NOXA1,11.1289,Witt2019,1
KCNC4,11.1281,Ortiz.Barahona2010HRElocations,1
RBM15,11.1281,Eichstaedt2017,1
MIR1302-1,11.125,Sheinfeldt2012,1
AHCYL2,11.1066,Sheinfeldt2012,1
SMO,11.1066,Sheinfeldt2012,1
TNPO3,11.1066,Sheinfeldt2012,1
TPI1P2,11.1066,Sheinfeldt2012,1
TSPAN33,11.1066,Sheinfeldt2012,1
MAP6,11.0907,Sheinfeldt2012,1
MBP,11.081,Sheinfeldt2012,1
SULT1B1,11.0237,Sheinfeldt2012,1
UGT2A1,11.0237,Sheinfeldt2012,1
HRH1,11.0039,Simonson2010apriorilist,1
CACNB2,11.0039,Sheinfeldt2012,1
APP,10.9999,Zhou2013,1
ZC3H11A,10.9826,Eichstaedt2014,1
PRKN,10.9355,Arciero2018,1
EPDR1,10.9297,Simonson2010,1
SFRP4,10.9297,Simonson2010,1
ILDR2,10.9146,Sheinfeldt2012,1
HJURP,10.9081,Sheinfeldt2012,1
MTUS1,10.9041,Sheinfeldt2012,1
FAT3,10.9041,Sheinfeldt2012,1
IGSF21,10.9041,Sheinfeldt2012,1
CSMD2,10.887,Artigas2015,1
DCC,10.878,Arciero2018,1
NMT2,10.8663,Sheinfeldt2012,1
ATP8B4,10.838,Sheinfeldt2012,1
CYP2C18,10.8063,Simonson2010apriorilist,1
MIR206,10.8053,Eichstaedt2014,1
ACSL1,10.773,Bigham2014diffexprgenes,1
ADAM19,10.7656,Artigas2015,1
FOXN3,10.7543,Sheinfeldt2012,1
MIR548F1,10.7382,Sheinfeldt2012,1
B4GALNT3,10.7333,Simonson2010,1
CCDC77,10.7333,Simonson2010,1
NINJ2,10.7333,Simonson2010,1
SSBP2,10.7016,Peng2010,1
TINAGL1,10.6931,Alkorta.Aranburu2012,1
APOE,10.6737,Simonson2010apriorilist,1
BCAM,10.6737,Sheinfeldt2012,1
BCL3,10.6737,Sheinfeldt2012,1
CBLC,10.6737,Sheinfeldt2012,1
ARL6IP6,10.6539,Simonson2010,1
PRPF40A,10.6539,Simonson2010,1
GNB5,10.6539,Sheinfeldt2012,1
MYO5C,10.6539,Sheinfeldt2012,1
SCN1A,10.6319,Ortiz.Barahona2010HRElocations,1
HSBP1L1,10.629,Sheinfeldt2012,1
KCNG2,10.629,Sheinfeldt2012,1
PQLC1,10.629,Sheinfeldt2012,1
TXNL4A,10.629,Sheinfeldt2012,1
RTN4RL2,10.6262,Simonson2010,1
ARHGAP31,10.6181,Sheinfeldt2012,1
CD3E,10.6075,Zhou2013,1
HTR1F,10.6061,Sheinfeldt2012,1
GRM8,10.5939,Sheinfeldt2012,1
EEPD1,10.5816,Sheinfeldt2012,1
SPNS2,10.5767,Alkorta.Aranburu2012,1
ZNF679,10.5328,Sheinfeldt2012,1
MALRD1,10.5227,Arciero2018,1
CAPN3,10.5163,Sheinfeldt2012,1
SNAP23,10.5163,Sheinfeldt2012,1
AFM,10.5041,Eichstaedt2017,1
AFP,10.5041,Eichstaedt2017,1
RASSF6,10.5041,Huerta.sanchez2013,1
SCHLAP1,10.4971,Artigas2015,1
BAZ2B,10.4937,Arciero2018,1
ELP3,10.4927,Huerta.sanchez2013,1
RSRC2,10.4703,Sheinfeldt2012,1
ZCCHC8,10.4703,Sheinfeldt2012,1
CPPED1,10.4546,Zhou2013,1
EPB41L4A,10.4452,Sheinfeldt2012,1
ST5,10.4427,Arciero2018,1
EFHC1,10.4275,Eichstaedt2017,1
TEAD1,10.4231,Simonson2010,1
FAM49A,10.413,Ortiz.Barahona2010HRElocations,1
COL5A1,10.4122,Sheinfeldt2012,1
AZI2,10.4098,Sheinfeldt2012,1
CMC1,10.4098,Sheinfeldt2012,1
CRYGN,10.3983,Sheinfeldt2012,1
NUB1,10.3983,Sheinfeldt2012,1
WDR86,10.3983,Sheinfeldt2012,1
ABCG1,10.3927,Ortiz.Barahona2010HRElocations,1
RSPH1,10.3927,Alkorta.Aranburu2012,1
TMPRSS3,10.3927,Sheinfeldt2012,1
CARMIL3,10.3888,Arciero2018,1
SUZ12,10.3881,Udpa204,1
RASGRF2,10.3721,Peng2010,1
FSTL4,10.3581,Sheinfeldt2012,1
UGT2B15,10.358,Eichstaedt2017,1
TNR,10.3468,Clemente2014,1
B3GAT2,10.3385,Simonson2010,1
HOMER1,10.3299,Ortiz.Barahona2010HRElocations,1
RFFL,10.3156,Sheinfeldt2012,1
ACP1,10.2987,Sheinfeldt2012,1
SH3YL1,10.2987,Sheinfeldt2012,1
ATP11B,10.2755,Eichstaedt2014,1
PZP,10.2657,Simonson2010,1
FGF7,10.265,Witt2019,1
FAP,10.2603,Zhou2013,1
BMP5,10.2515,Simonson2010,1
NLRC4,10.2412,Sheinfeldt2012,1
SLC30A6,10.2412,Sheinfeldt2012,1
YIPF4,10.2412,Sheinfeldt2012,1
ANKRD26,10.2412,Eichstaedt2014,1
DNTTIP1,10.231,Sheinfeldt2012,1
SPINT4,10.231,Sheinfeldt2012,1
WFDC10A,10.231,Sheinfeldt2012,1
WFDC10B,10.231,Sheinfeldt2012,1
WFDC11,10.231,Sheinfeldt2012,1
WFDC13,10.231,Sheinfeldt2012,1
WFDC3,10.231,Sheinfeldt2012,1
WFDC9,10.231,Sheinfeldt2012,1
UTP15,10.2015,Zhou2013,1
BCKDHA,10.1878,Ortiz.Barahona2010HRElocations,1
CYP26B1,10.1802,Sheinfeldt2012,1
ZNF180,10.1773,Peng2010,1
SH3BP4,10.1507,Sheinfeldt2012,1
TNNC2,10.1506,Sheinfeldt2012,1
UBE2C,10.1506,Sheinfeldt2012,1
LINC00114,10.1373,Arciero2018,1
BANK1,10.0988,Arciero2018,1
CACNA1A,10.0718,Ortiz.Barahona2010HRElocations,1
CDK19,10.0666,Clemente2014,1
GPR151,10.0599,Sheinfeldt2012,1
PPP2R2B,10.0599,Ortiz.Barahona2010HRElocations,1
TSHZ2,10.0393,Sheinfeldt2012,1
ZNF845,10.0217,Arciero2018,1
SH3GLB1,10.0098,Sheinfeldt2012,1
FGFR2,9.99623,Sheinfeldt2012,1
TACC2,9.99164,Ortiz.Barahona2010HRElocations,1
PID1,9.983,Zhou2013,1
PARP11,9.97951,Alkorta.Aranburu2012,1
PTF1A,9.97047,Bigham2014diffexprgenes,1
AK5,9.9495,Clemente2014,1
CD86,9.9476,Eichstaedt2017,1
FRS3,9.92515,Sheinfeldt2012,1
PRICKLE4,9.92515,Sheinfeldt2012,1
TFEB,9.92515,Ortiz.Barahona2010HRElocations,1
TOMM6,9.92515,Sheinfeldt2012,1
USP49,9.92515,Sheinfeldt2012,1
CR1,9.92435,Arciero2018,1
NBEA,9.91372,Sheinfeldt2012,1
NUDT12,9.91367,Sheinfeldt2012,1
CPO,9.8906,Sheinfeldt2012,1
IGF2,9.82378,Bigham2010,1
INS,9.82378,Simonson2010apriorilist,1
MRPL39,9.79284,Sheinfeldt2012,1
GLIS3,9.77535,Sheinfeldt2012,1
LRRC8C,9.76519,Sheinfeldt2012,1
SPHKAP,9.76291,Eichstaedt2017,1
DYNC2H1,9.73171,Zhou2013,1
TTLL3,9.71903,Yi2010,1
SNHG14,9.71439,Sheinfeldt2012,1
SNORD107,9.71439,Sheinfeldt2012,1
SNORD108,9.71439,Sheinfeldt2012,1
SNORD64,9.71439,Sheinfeldt2012,1
SNRPN,9.71439,Sheinfeldt2012,1
SNURF,9.71439,Sheinfeldt2012,1
AFAP1L1,9.70714,Sheinfeldt2012,1
GRPEL2,9.70714,Sheinfeldt2012,1
SRGAP3,9.70039,Simonson2010,1
WDFY4,9.69997,Li2018,1
PRELID2,9.69212,Sheinfeldt2012,1
ADAM7,9.69203,Eichstaedt2017,1
ADAMDEC1,9.69203,Sheinfeldt2012,1
LINC02226,9.6755,Arciero2018,1
ACACA,9.67502,Sheinfeldt2012,1
C17orf78,9.67502,Sheinfeldt2012,1
TADA2A,9.67502,Sheinfeldt2012,1
VWA8,9.67053,Arciero2018,1
ARSG,9.66983,Simonson2010,1
NFATC1,9.62453,Gou2014,1
NAIF1,9.62303,Sheinfeldt2012,1
PTGES2,9.62303,Sheinfeldt2012,1
SLC25A25,9.62303,Sheinfeldt2012,1
SORCS3,9.61613,Ortiz.Barahona2010HRElocations,1
SOX4,9.61049,Arciero2018,1
FLI1,9.61049,Alkorta.Aranburu2012,1
ATP6V1G3,9.60802,Huerta.sanchez2013,1
PAX7,9.59263,Simonson2010,1
VEPH1,9.58954,Simonson2010,1
OCM,9.56866,Sheinfeldt2012,1
PMS2,9.56866,Simonson2010,1
AICDA,9.5524,Sheinfeldt2012,1
CLEC4D,9.5524,Sheinfeldt2012,1
CLEC4E,9.5524,Sheinfeldt2012,1
HYDIN,9.53173,Sheinfeldt2012,1
FRMD6,9.5021,Sheinfeldt2012,1
TTC34,9.5021,Eichstaedt2014,1
TPM2,9.49044,Ortiz.Barahona2010HRElocations,1
SMG6,9.47977,Arciero2018,1
DTX1,9.47428,Bigham2010,1
RASAL1,9.47428,Bigham2010,1
RASSF10,9.47227,Simonson2010,1
DEK,9.46628,Sheinfeldt2012,1
KDM1B,9.46628,Sheinfeldt2012,1
CALY,9.42479,Simonson2010,1
ECHS1,9.42479,Simonson2010,1
MTG1,9.42479,Simonson2010,1
PAOX,9.42479,Simonson2010,1
PRAP1,9.42479,Simonson2010,1
TUBGCP2,9.42479,Gou2014,1
VENTX,9.42479,Gou2014,1
SERINC5,9.42419,Simonson2010,1
THBS4,9.42419,Simonson2010,1
ZNF285,9.41402,Sheinfeldt2012,1
ARID2,9.41381,Sheinfeldt2012,1
LMO1,9.41172,Sheinfeldt2012,1
LINC01118,9.3833,Arciero2018,1
LINC01119,9.3833,Arciero2018,1
NPTX2,9.37902,Sheinfeldt2012,1
RAB4B,9.35824,Artigas2015,1
GM2A,9.35789,Sheinfeldt2012,1
SLC36A2,9.35789,Sheinfeldt2012,1
AGTPBP1,9.34598,Sheinfeldt2012,1
TNFRSF10B,9.34598,Sheinfeldt2012,1
TNFRSF10C,9.34598,Sheinfeldt2012,1
PRLR,9.3411,Sheinfeldt2012,1
EPGN,9.33991,Huerta.sanchez2013,1
GRIK4,9.33991,Sheinfeldt2012,1
CACNA2D3,9.33744,Arciero2018,1
BIRC3,9.33744,Sheinfeldt2012,1
YAP1,9.33744,Sheinfeldt2012,1
FEZ1,9.33442,Sheinfeldt2012,1
LANCL2,9.32678,Udpa204,1
PJA2,9.31594,Sheinfeldt2012,1
COLEC12,9.31363,Arciero2018,1
THOC1,9.31363,Sheinfeldt2012,1
CTD-2350J17.1,9.31349,Eichstaedt2014,1
ACP4,9.31001,Arciero2018,1
CRB3,9.306,Sheinfeldt2012,1
DENND1C,9.306,Sheinfeldt2012,1
FBXO9,9.30486,Eichstaedt2017,1
ICK,9.30486,Eichstaedt2017,1
ZZEF1,9.30486,Sheinfeldt2012,1
LRFN2,9.29383,Alkorta.Aranburu2012,1
SPATA6,9.27495,Sheinfeldt2012,1
SCIN,9.26644,Hu2017,1
SPTLC2,9.25465,Witt2019,1
GNAL,9.22334,Sheinfeldt2012,1
CD44,9.21559,Sheinfeldt2012,1
SLC1A2,9.21559,Sheinfeldt2012,1
LNP1,9.21316,Sheinfeldt2012,1
TMEM45A,9.21316,Ortiz.Barahona2010HRElocations,1
ALOX12B,9.2126,Gou2014,1
ALOXE3,9.2126,Gou2014,1
HES7,9.2126,Gou2014,1
PER1,9.2126,Gou2014,1
ZNF318,9.19494,Alkorta.Aranburu2012,1
PCDH9,9.19406,Arciero2018,1
SMAD7,9.18928,Ortiz.Barahona2010HRElocations,1
TPD52,9.18683,Ortiz.Barahona2010HRElocations,1
PAK2,9.17274,Simonson2010,1
TTC17,9.1634,Simonson2010,1
KAT6A,9.15444,Halllist1,1
FBXL17,9.14555,Sheinfeldt2012,1
NCKAP5,9.14329,Bigham2010,1
LINC02511,9.13697,Arciero2018,1
SNAP91,9.13479,Arciero2018,1
MYT1L,9.13328,Alkorta.Aranburu2012,1
AZU1,9.13112,Sheinfeldt2012,1
CFD,9.13112,Sheinfeldt2012,1
ELANE,9.13112,Sheinfeldt2012,1
FSTL3,9.13112,Sheinfeldt2012,1
MIR3187,9.13112,Sheinfeldt2012,1
PALM,9.13112,Sheinfeldt2012,1
PRSS57,9.13112,Sheinfeldt2012,1
PRTN3,9.13112,Sheinfeldt2012,1
PTBP1,9.13112,Sheinfeldt2012,1
LARS,9.12524,Zhou2013,1
PLAC8L1,9.12524,Zhou2013,1
RBM27,9.12524,Zhou2013,1
CLC,9.10244,yulist1,1
VWA5B1,9.09783,Sheinfeldt2012,1
ACADM,9.09497,Sheinfeldt2012,1
MSH4,9.09497,Sheinfeldt2012,1
RABGGTB,9.09497,Sheinfeldt2012,1
SNORD45A,9.09497,Sheinfeldt2012,1
SNORD45B,9.09497,Sheinfeldt2012,1
SNORD45C,9.09497,Sheinfeldt2012,1
FIBCD1,9.0911,Ortiz.Barahona2010HRElocations,1
VPS9D1,9.08704,Arciero2018,1
HMGCLL1,9.07105,Clemente2014,1
DCP1B,9.06594,Sheinfeldt2012,1
MMP20,9.0569,Sheinfeldt2012,1
MMP7,9.0569,Sheinfeldt2012,1
TMEM123,9.0569,Sheinfeldt2012,1
GABRB3,9.04849,Arciero2018,1
CLSTN2,9.04729,Sheinfeldt2012,1
CHMP3,9.03269,Eichstaedt2017,1
RNF103,9.03269,Eichstaedt2017,1
RNF103-CHMP3,9.03269,Eichstaedt2017,1
DEFA1,9.03165,Eichstaedt2017,1
DEFA1B,9.03165,Eichstaedt2017,1
MKX,9.02664,Sheinfeldt2012,1
KIAA0825,9.02223,Arciero2018,1
TRIM33,9.01957,Sheinfeldt2012,1
ACO1,9.00234,Sheinfeldt2012,1
DDX58,9.00234,Sheinfeldt2012,1
SLC1A3,9.00234,Ortiz.Barahona2010HRElocations,1
JUN,8.99408,Sheinfeldt2012,1
MYSM1,8.99408,Sheinfeldt2012,1
ATP12A,8.98459,Halllist1,1
FBXL2,8.98187,Sheinfeldt2012,1
MMP3,8.98187,Witt2019,1
SPOCK1,8.97678,Ortiz.Barahona2010HRElocations,1
ABCB10,8.9714,Sheinfeldt2012,1
C9orf163,8.96901,Simonson2010,1
INPP5E,8.96901,Simonson2010,1
PMPCA,8.96901,Simonson2010,1
SEC16A,8.96901,Simonson2010,1
SNAPC4,8.96901,Simonson2010,1
ANTXR1,8.95454,Sheinfeldt2012,1
ONECUT1,8.94245,Sheinfeldt2012,1
CHD7,8.93168,Eichstaedt2017,1
ST6GALNAC3,8.91173,Sheinfeldt2012,1
HDAC9,8.90643,Alkorta.Aranburu2012,1
FBXO22,8.90534,Sheinfeldt2012,1
NRG4,8.90534,Sheinfeldt2012,1
UBE2Q2,8.90534,Sheinfeldt2012,1
C1orf50,8.90534,Eichstaedt2017,1
DMRTB1,8.86352,Eichstaedt2017,1
LRP8,8.86352,Eichstaedt2017,1
KLF13,8.85633,Sheinfeldt2012,1
FBN2,8.84442,Sheinfeldt2012,1
MIR3681HG,8.84297,Arciero2018,1
USP14,8.84297,Sheinfeldt2012,1
MIR1538,8.84297,Sheinfeldt2012,1
NFAT5,8.84297,Sheinfeldt2012,1
AATF,8.8334,Sheinfeldt2012,1
EPB41L4B,8.83039,Sheinfeldt2012,1
SLC38A1,8.8257,Eichstaedt2014,1
GCHFR,8.80557,Simonson2010apriorilist,1
PPP1R14D,8.80557,Alkorta.Aranburu2012,1
RHOV,8.80557,Alkorta.Aranburu2012,1
VPS18,8.80557,Alkorta.Aranburu2012,1
ZFYVE19,8.80557,Alkorta.Aranburu2012,1
PKIB,8.78483,Eichstaedt2014,1
KIAA1211,8.78483,Sheinfeldt2012,1
FEN1,8.78151,Li2018,1
PCED1A,8.77486,Eichstaedt2017,1
PTPRA,8.77486,Eichstaedt2017,1
TMEM239,8.77486,Eichstaedt2017,1
VPS16,8.77486,Eichstaedt2017,1
ITIH5,8.77242,Sheinfeldt2012,1
RERE,8.75487,Sheinfeldt2012,1
PRDM1,8.74601,Witt2019,1
NF2,8.73909,Sheinfeldt2012,1
CTPS1,8.73831,Gou2014,1
ACBD7,8.73658,Sheinfeldt2012,1
MEIG1,8.73658,Sheinfeldt2012,1
DNA2,8.7362,Sheinfeldt2012,1
RUFY2,8.7362,Sheinfeldt2012,1
SLC25A16,8.7362,Sheinfeldt2012,1
TET1,8.7362,Sheinfeldt2012,1
EPS15L1,8.71944,Arciero2018,1
EIF3C,8.71385,Eichstaedt2017,1
ST3GAL1,8.70347,Sheinfeldt2012,1
GNA14,8.69011,Peng2010,1
GNAQ,8.69011,Peng2010,1
GABBR2,8.68622,Sheinfeldt2012,1
ARMC4,8.66285,Sheinfeldt2012,1
CAB39L,8.66143,Sheinfeldt2012,1
CDADC1,8.66143,Sheinfeldt2012,1
CCDC62,8.64515,Sheinfeldt2012,1
DENR,8.64515,Sheinfeldt2012,1
HCAR2,8.64515,Yang2017,1
PTPRG,8.64512,Sheinfeldt2012,1
FAT2,8.64046,Sheinfeldt2012,1
SLC36A1,8.64046,Sheinfeldt2012,1
ASCC3,8.63143,Sheinfeldt2012,1
SIM1,8.63143,Bigham2014diffexprgenes,1
CDH10,8.63062,Sheinfeldt2012,1
PPP2R2C,8.62968,Clemente2014,1
RRM2B,8.62545,Clemente2014,1
UBR5,8.62545,Clemente2014,1
KCNJ1,8.617,Alkorta.Aranburu2012,1
BAIAP3,8.61143,Gou2014,1
C16orf91,8.61143,Gou2014,1
CCDC154,8.61143,Gou2014,1
GNPTG,8.61143,Gou2014,1
TSR3,8.61143,Gou2014,1
HMGA1,8.59609,Eichstaedt2017,1
GALNT13,8.5816,Simonson2010,1
CCDC40,8.57058,Eichstaedt2017,1
EIF4A3,8.57058,Eichstaedt2017,1
GAA,8.57058,Eichstaedt2017,1
SGSH,8.57058,Eichstaedt2017,1
LIPG,8.53771,Alkorta.Aranburu2012,1
KL,8.53278,Sheinfeldt2012,1
STARD13,8.53278,Sheinfeldt2012,1
SV2C,8.53261,Sheinfeldt2012,1
ISY1,8.5219,Udpa204,1
RAB43,8.5219,Udpa204,1
RGPD1,8.51965,Eichstaedt2017,1
KCNK1,8.51173,Sheinfeldt2012,1
ACCSL,8.50801,Eichstaedt2017,1
EXT2,8.50801,Simonson2010,1
ZNF521,8.50498,Ortiz.Barahona2010HRElocations,1
DUOXA1,8.50152,Zhou2013,1
DUOXA2,8.50152,Zhou2013,1
SHF,8.50152,Ortiz.Barahona2010HRElocations,1
SERPINA3,8.48756,Alkorta.Aranburu2012,1
GPR176,8.46862,Eichstaedt2014,1
ASB18,8.46728,Sheinfeldt2012,1
GBX2,8.46728,Sheinfeldt2012,1
CASQ2,8.45976,Sheinfeldt2012,1
NHLH2,8.45976,Sheinfeldt2012,1
LRAT,8.44667,Sheinfeldt2012,1
PRPF3,8.44474,Sheinfeldt2012,1
LINC01006,8.44082,Arciero2018,1
SLC22A1,8.44082,Alkorta.Aranburu2012,1
SLC22A2,8.44082,Alkorta.Aranburu2012,1
AMN,8.43324,Sheinfeldt2012,1
CDC42BPB,8.43324,Sheinfeldt2012,1
TRAF3,8.43324,Sheinfeldt2012,1
CD52,8.42841,Sheinfeldt2012,1
DHDDS,8.42841,Sheinfeldt2012,1
LIN28A,8.42841,Sheinfeldt2012,1
UBXN11,8.42841,Sheinfeldt2012,1
ZNF683,8.42841,Sheinfeldt2012,1
TRIP11,8.42682,Artigas2015,1
LINC01588,8.42088,Arciero2018,1
CDH18,8.41461,Sheinfeldt2012,1
ZCCHC7,8.40959,Sheinfeldt2012,1
PAPPA-AS1,8.40187,Sheinfeldt2012,1
HERPUD2,8.39408,Simonson2010,1
SARDH,8.39372,Arciero2018,1
B3GNT2,8.38518,Sheinfeldt2012,1
CDK14,8.37289,Artigas2015,1
HSD17B12,8.36206,Witt2019,1
ATF4,8.3519,Ortiz.Barahona2010HRElocations,1
SYNGR1,8.3519,Alkorta.Aranburu2012,1
FUT8,8.34417,Sheinfeldt2012,1
RNF216,8.33923,Sheinfeldt2012,1
MAGI1,8.33654,Simonson2010,1
SYN2,8.33577,Zhou2013,1
TAS2R43,8.31826,Hu2017,1
ANKRD29,8.30483,Sheinfeldt2012,1
LAMA3,8.30483,Sheinfeldt2012,1
NPC1,8.30483,Sheinfeldt2012,1
CGGBP1,8.29647,Sheinfeldt2012,1
ZNF654,8.29647,Sheinfeldt2012,1
NCLN,8.26478,Alkorta.Aranburu2012,1
CYTH3,8.26404,Simonson2010,1
DAGLB,8.26404,Sheinfeldt2012,1
MDGA1,8.26404,Sheinfeldt2012,1
DLG1,8.25081,Clemente2014,1
SAFB2,8.21785,Sheinfeldt2012,1
ZNRF4,8.21785,Sheinfeldt2012,1
CPT2,8.21079,Eichstaedt2017,1
MAGOH,8.21079,Eichstaedt2017,1
PRKAR1B,8.20549,Arciero2018,1
APBB1IP,8.19871,Eichstaedt2017,1
GAD2,8.19871,Bigham2014diffexprgenes,1
ARHGAP22,8.18291,Arciero2018,1
ACAP3,8.17316,Gou2014,1
AURKAIP1,8.17316,Gou2014,1
B3GALT6,8.17316,Gou2014,1
DVL1,8.17316,Gou2014,1
MXRA8,8.17316,Gou2014,1
PUSL1,8.17316,Gou2014,1
SCNN1D,8.17316,Gou2014,1
SDF4,8.17316,Gou2014,1
TAS1R3,8.17316,Gou2014,1
TNFRSF4,8.17316,Gou2014,1
UBE2J2,8.17316,Gou2014,1
CBLL1,8.17291,Eichstaedt2014,1
DLD,8.17291,Eichstaedt2014,1
SLC26A3,8.17291,Eichstaedt2014,1
COL22A1,8.16807,Sheinfeldt2012,1
IFNG,8.15193,Simonson2010apriorilist,1
CYP2F1,8.1452,Simonson2010apriorilist,1
FRMD4A,8.14396,Sheinfeldt2012,1
SNX10,8.14382,Sheinfeldt2012,1
SULT1C2,8.1383,Simonson2010,1
SULT1C3,8.1383,Simonson2010,1
ENTPD1,8.13445,Simonson2010,1
PRSS21,8.12585,Udpa204,1
PRSS22,8.12585,Gou2014,1
PRSS30P,8.12585,Udpa204,1
PRSS41,8.12585,Udpa204,1
SRRM2,8.12585,Gou2014,1
FREM2,8.11672,Eichstaedt2014,1
NHLRC3,8.11672,Eichstaedt2014,1
PROSER1,8.11672,Eichstaedt2014,1
ADCY1,8.116,Simonson2010,1
GALNT7,8.10029,Simonson2010,1
PODN,8.08418,Eichstaedt2017,1
SCP2,8.08418,Eichstaedt2017,1
SLC1A7,8.08418,Eichstaedt2017,1
UNC5C,8.06605,Simonson2010,1
GAK,8.06501,Sheinfeldt2012,1
CA10,8.06501,Sheinfeldt2012,1
TJP1,8.05287,Ortiz.Barahona2010HRElocations,1
C9orf3,8.05119,Alkorta.Aranburu2012,1
FBP1,8.05119,Sheinfeldt2012,1
FBP2,8.05119,Sheinfeldt2012,1
C6orf89,8.04853,Arciero2018,1
GTF2A1L,8.04689,Sheinfeldt2012,1
PPP1R21,8.04689,Sheinfeldt2012,1
ACTG1P4,8.0431,Sheinfeldt2012,1
AMY2A,8.0431,Sheinfeldt2012,1
AMY2B,8.0431,Sheinfeldt2012,1
RNPC3,8.0431,Sheinfeldt2012,1
CNOT2,8.03313,Alkorta.Aranburu2012,1
PTPRB,8.03313,Arciero2018,1
ZNF618,8.01148,Simonson2010,1
CPA1,8.00836,Bigham2014diffexprgenes,1
UBE2E3,8.00586,Sheinfeldt2012,1
TLL2,8.00535,Sheinfeldt2012,1
ANKFY1,8.00449,Sheinfeldt2012,1
CYB5D2,8.00449,Sheinfeldt2012,1
IFNA10,7.99873,Udpa204,1
IFNA14,7.99873,Udpa204,1
IFNA16,7.99873,Udpa204,1
IFNA17,7.99873,Udpa204,1
IFNA4,7.99873,Udpa204,1
IFNA7,7.99873,Udpa204,1
TCL1A,7.99158,Bigham2014diffexprgenes,1
RHOBTB1,7.99158,Ortiz.Barahona2010HRElocations,1
MYH13,7.98582,Gou2014,1
RBM17,7.98453,Sheinfeldt2012,1
FAM122A,7.98318,Alkorta.Aranburu2012,1
GRIK1,7.98318,Sheinfeldt2012,1
STAU2,7.98311,Sheinfeldt2012,1
CERS6,7.97702,Sheinfeldt2012,1
G6PC2,7.97702,Sheinfeldt2012,1
NOSTRIN,7.97702,Sheinfeldt2012,1
SPC25,7.97702,Sheinfeldt2012,1
AKAP13,7.97295,Alkorta.Aranburu2012,1
KLHL25,7.97295,Alkorta.Aranburu2012,1
CCDC27,7.95988,Alkorta.Aranburu2012,1
CORO7,7.94854,Simonson2010,1
DNAJA3,7.94854,Simonson2010,1
GLIS2,7.94854,Artigas2015,1
TFAP4,7.94854,Artigas2015,1
ARL9,7.92989,Sheinfeldt2012,1
PAICS,7.92989,Sheinfeldt2012,1
PPAT,7.92989,Sheinfeldt2012,1
SRP72,7.92989,Sheinfeldt2012,1
CACNA2D4,7.92989,Sheinfeldt2012,1
PDCD4,7.92988,Simonson2010,1
XXYLT1,7.9237,Arciero2018,1
TRIM44,7.92275,Sheinfeldt2012,1
SVEP1,7.90605,Arciero2018,1
LRP1B,7.88626,Sheinfeldt2012,1
CNTNAP5,7.88626,Alkorta.Aranburu2012,1
SLC35F1,7.88446,Witt2019,1
CATSPER2,7.88259,Sheinfeldt2012,1
PPIP5K1,7.88259,Sheinfeldt2012,1
ACTB,7.88181,Horscroft2017,1
BRMS1L,7.87549,Sheinfeldt2012,1
MS4A1,7.87392,Sheinfeldt2012,1
MS4A12,7.87392,Sheinfeldt2012,1
MS4A13,7.87392,Sheinfeldt2012,1
MS4A14,7.87392,Sheinfeldt2012,1
MS4A5,7.87392,Sheinfeldt2012,1
MS4A7,7.87392,Sheinfeldt2012,1
SSBP3,7.86812,Arciero2018,1
MEP1A,7.86558,Sheinfeldt2012,1
PLA2G7,7.86558,Sheinfeldt2012,1
QRFPR,7.85191,Sheinfeldt2012,1
ARHGAP25,7.85191,Eichstaedt2014,1
ASL,7.85021,Simonson2010,1
GUSB,7.85021,Simonson2010,1
IKZF3,7.84963,Udpa204,1
ZPBP2,7.84963,Udpa204,1
DGKD,7.83564,Bigham2014diffexprgenes,1
CENPQ,7.82795,Eichstaedt2014,1
RLN1,7.82427,Bigham2010,1
SNORA70B,7.82284,Sheinfeldt2012,1
CLIP4,7.82129,Sheinfeldt2012,1
CLIC5,7.81325,Sheinfeldt2012,1
ARAP3,7.81073,Eichstaedt2014,1
FCHSD1,7.81073,Eichstaedt2014,1
HDAC3,7.81073,Eichstaedt2014,1
RELL2,7.81073,Eichstaedt2014,1
NRXN3,7.80865,Udpa204,1
MGAM,7.79746,Sheinfeldt2012,1
SETBP1,7.79295,Arciero2018,1
CDHR5,7.79295,Sheinfeldt2012,1
DEAF1,7.79295,Sheinfeldt2012,1
DRD4,7.79295,Sheinfeldt2012,1
EPS8L2,7.79295,Sheinfeldt2012,1
LRRC56,7.79295,Gou2014,1
PHRF1,7.79295,Gou2014,1
RASSF7,7.79295,Gou2014,1
SCT,7.79295,Sheinfeldt2012,1
TMEM80,7.79295,Sheinfeldt2012,1
MYOF,7.78195,Simonson2010,1
C8orf74,7.77893,Sheinfeldt2012,1
RP1L1,7.77893,Sheinfeldt2012,1
B3GALT2,7.77893,Sheinfeldt2012,1
CDC73,7.77893,Sheinfeldt2012,1
GLRX2,7.77893,Sheinfeldt2012,1
MIR1278,7.77893,Sheinfeldt2012,1
FRAS1,7.77609,Alkorta.Aranburu2012,1
COL1A2,7.77433,Bigham2014diffexprgenes,1
RFLNA,7.77012,Arciero2018,1
EIF2AK1,7.76348,Simonson2010,1
USP42,7.76348,Simonson2010,1
TAC4,7.74379,Sheinfeldt2012,1
CUZD1,7.74379,Alkorta.Aranburu2012,1
CENPV,7.73372,Sheinfeldt2012,1
MIR1288,7.73372,Sheinfeldt2012,1
PIGL,7.73372,Sheinfeldt2012,1
PRPF4B,7.72939,Alkorta.Aranburu2012,1
NEIL3,7.7198,Artigas2015,1
RASGRF1,7.71968,Sheinfeldt2012,1
EMX1,7.71127,Sheinfeldt2012,1
SFXN5,7.71127,Sheinfeldt2012,1
VWDE,7.70987,Eichstaedt2017,1
MAN1A1,7.70616,Eichstaedt2014,1
IL1R2,7.70616,Sheinfeldt2012,1
BCL11A,7.70187,Sheinfeldt2012,1
GIMAP4,7.69827,Eichstaedt2014,1
GIMAP7,7.69827,Eichstaedt2014,1
GIMAP8,7.69827,Simonson2010,1
CFL1,7.68448,Eichstaedt2014,1
KAT5,7.68448,Eichstaedt2014,1
OVOL1,7.68448,Eichstaedt2014,1
RNASEH2C,7.68448,Eichstaedt2014,1
POGLUT1,7.66687,Sheinfeldt2012,1
COL4A1,7.65729,Sheinfeldt2012,1
PHLDB2,7.64932,Sheinfeldt2012,1
PLCXD2,7.64932,Sheinfeldt2012,1
MIR1237,7.64663,Eichstaedt2014,1
IRF1,7.64155,Ortiz.Barahona2010HRElocations,1
RAD50,7.64155,Sheinfeldt2012,1
EYA1,7.63084,Sheinfeldt2012,1
LINC00167,7.63084,Sheinfeldt2012,1
PRDM10,7.63084,Sheinfeldt2012,1
PURG,7.61589,Sheinfeldt2012,1
WRN,7.61589,Sheinfeldt2012,1
SAMD5,7.61544,Simonson2010,1
KDM5A,7.60911,Sheinfeldt2012,1
PPFIBP1,7.60905,Arciero2018,1
ACAT2,7.60609,Sheinfeldt2012,1
MAS1,7.60609,Sheinfeldt2012,1
MRPL18,7.60609,Sheinfeldt2012,1
PNLDC1,7.60609,Sheinfeldt2012,1
SNORA20,7.60609,Sheinfeldt2012,1
SNORA29,7.60609,Sheinfeldt2012,1
TCP1,7.60609,Sheinfeldt2012,1
WTAP,7.60609,Sheinfeldt2012,1
DIRC3,7.59966,Zhou2013,1
ELMO1,7.59897,Simonson2010,1
PARVG,7.58881,Arciero2018,1
TCF7L1,7.58881,Sheinfeldt2012,1
SLC38A4,7.58428,Sheinfeldt2012,1
BAIAP2,7.57913,Arciero2018,1
RPTOR,7.57913,Sheinfeldt2012,1
VPS8,7.57442,Sheinfeldt2012,1
ST3GAL3,7.56976,Simonson2010,1
EPHB2,7.56976,Sheinfeldt2012,1
COL4A2,7.56925,Sheinfeldt2012,1
BRF1,7.55912,Udpa204,1
GPR35,7.54837,Gou2014,1
KIF1A,7.54837,Gou2014,1
ANKUB1,7.53629,Sheinfeldt2012,1
RNF13,7.53629,Sheinfeldt2012,1
WWTR1,7.53629,Arciero2018,1
COL20A1,7.53263,Gou2014,1
KCNQ2,7.53263,Gou2014,1
C1QB,7.53263,Sheinfeldt2012,1
C1QC,7.53263,Sheinfeldt2012,1
EPHA8,7.53263,Sheinfeldt2012,1
ZBTB40,7.53263,Sheinfeldt2012,1
MON2,7.53087,Sheinfeldt2012,1
PPM1H,7.53087,Sheinfeldt2012,1
MYRIP,7.52498,Arciero2018,1
COL12A1,7.52485,Arciero2018,1
FILIP1,7.52485,Arciero2018,1
HMGN3,7.52363,Simonson2010,1
SLC30A4,7.51921,Clemente2014,1
STRA6,7.51773,Halllist1,1
XPR1,7.51437,Simonson2010,1
RNF175,7.51061,Sheinfeldt2012,1
CHRNE,7.50417,Arciero2018,1
PLD2,7.50417,Huerta.sanchez2013hypoxgeneset,1
TM4SF5,7.50417,Arciero2018,1
CHD6,7.46688,Zhou2013,1
POLN,7.43234,Sheinfeldt2012,1
CEND1,7.42775,Sheinfeldt2012,1
CHID1,7.42775,Peng2010,1
PNPLA2,7.42775,Sheinfeldt2012,1
RPLP2,7.42775,Sheinfeldt2012,1
SLC25A22,7.42775,Sheinfeldt2012,1
SNORA52,7.42775,Sheinfeldt2012,1
TALDO1,7.42775,Sheinfeldt2012,1
TSPAN4,7.42775,Peng2010,1
CEP135,7.41752,Sheinfeldt2012,1
CD96,7.41424,Sheinfeldt2012,1
ZBED2,7.41424,Sheinfeldt2012,1
TBC1D23,7.40928,Sheinfeldt2012,1
GMDS,7.40648,Sheinfeldt2012,1
APOBEC4,7.39802,Alkorta.Aranburu2012,1
RTN4R,7.38855,Ortiz.Barahona2010HRElocations,1
CASC16,7.38608,Arciero2018,1
CYP7B1,7.38249,Alkorta.Aranburu2012,1
LOC401463,7.38249,Alkorta.Aranburu2012,1
PTPRF,7.36838,Simonson2010,1
RAPGEF4,7.36491,Sheinfeldt2012,1
RIC3,7.36025,Sheinfeldt2012,1
TUB,7.36025,Sheinfeldt2012,1
RUNX1,7.3598,Moore2017,1
FARSB,7.3592,Sheinfeldt2012,1
MOGAT1,7.3592,Sheinfeldt2012,1
DMTF1,7.3441,Udpa204,1
ADRA1A,7.33943,Bigham2009,1
NFRKB,7.3369,Sheinfeldt2012,1
C7orf50,7.33611,Arciero2018,1
SUN1,7.33611,Eichstaedt2017,1
OR1D2,7.33215,Sheinfeldt2012,1
OR1D5,7.33215,Sheinfeldt2012,1
OR1G1,7.33215,Sheinfeldt2012,1
B4GALT7,7.32113,Gou2014,1
TMED9,7.32113,Gou2014,1
ZNF800,7.31044,Simonson2010,1
DNAJC10,7.30415,Simonson2010,1
SERINC1,7.28428,Eichstaedt2014,1
ATP2A2,7.28252,Bigham2010,1
DYRK3,7.27679,Alkorta.Aranburu2012,1
RASSF5,7.27679,Alkorta.Aranburu2012,1
LTBP2,7.27592,Artigas2015,1
MAML2,7.27209,Ortiz.Barahona2010HRElocations,1
CAMK4,7.27087,Sheinfeldt2012,1
STARD4,7.27087,Sheinfeldt2012,1
GSG1L,7.25747,Simonson2010,1
CYB5R4,7.25734,Simonson2010apriorilist,1
ASF1A,7.24852,Simonson2010,1
MCM9,7.24852,Simonson2010,1
LAMA2,7.24694,Sheinfeldt2012,1
MOXD1,7.24665,Bigham2010,1
DNAH11,7.23834,Clemente2014,1
SP4,7.23834,Clemente2014,1
GPR37L1,7.23316,Gou2014,1
LGR6,7.23316,Gou2014,1
PTPN7,7.23316,Gou2014,1
CALM2,7.22549,Simonson2010,1
TTC7A,7.22549,Arciero2018,1
NMBR,7.212,Sheinfeldt2012,1
CELF2,7.21172,Sheinfeldt2012,1
IL17RD,7.21004,Sheinfeldt2012,1
SPATA12,7.21004,Sheinfeldt2012,1
CDC27,7.20958,Sheinfeldt2012,1
MYL4,7.20958,Sheinfeldt2012,1
SHANK2,7.20882,Sheinfeldt2012,1
DPY19L1P1,7.19368,Zhou2013,1
CXCL2,7.19246,Simonson2010,1
CXCL3,7.19246,Simonson2010,1
LINC00368,7.1836,Arciero2018,1
PRB4,7.17865,Hu2017,1
FAM173A,7.17777,Sheinfeldt2012,1
LMF1,7.17777,Sheinfeldt2012,1
PRR25,7.17777,Sheinfeldt2012,1
LEPR,7.17308,Moore2017,1
CLYBL,7.17122,Sheinfeldt2012,1
CDK5R1,7.16962,Alkorta.Aranburu2012,1
ACER1,7.15368,Sheinfeldt2012,1
ALKBH7,7.15368,Sheinfeldt2012,1
CLPP,7.15368,Sheinfeldt2012,1
GTF2F1,7.15368,Sheinfeldt2012,1
MLLT1,7.15368,Sheinfeldt2012,1
PSPN,7.15368,Sheinfeldt2012,1
HVCN1,7.13985,Bigham2010,1
PPP1CC,7.13985,Bigham2010,1
TCTN1,7.13985,Bigham2010,1
CAPZB,7.13119,Sheinfeldt2012,1
CDK3,7.12584,Sheinfeldt2012,1
EVPL,7.12584,Sheinfeldt2012,1
EXOC7,7.12584,Sheinfeldt2012,1
GALR2,7.12584,Sheinfeldt2012,1
SRP68,7.12584,Sheinfeldt2012,1
ZACN,7.12584,Sheinfeldt2012,1
IGSF10,7.11379,Sheinfeldt2012,1
MED12L,7.11379,Sheinfeldt2012,1
P2RY12,7.11379,Sheinfeldt2012,1
SYT13,7.11379,Sheinfeldt2012,1
SLC35B4,7.10776,Gou2014,1
DNAJC13,7.10716,Sheinfeldt2012,1
ZNF121,7.10716,Sheinfeldt2012,1
ZNF426,7.10716,Sheinfeldt2012,1
ZNF560,7.10716,Clemente2014,1
ZNF561,7.10716,Sheinfeldt2012,1
ZNF562,7.10716,Sheinfeldt2012,1
DNM3,7.10716,Ortiz.Barahona2010HRElocations,1
CACNA1D,7.10547,Arciero2018,1
ZNF266,7.10547,Clemente2014,1
ZNF559-ZNF177,7.10547,Sheinfeldt2012,1
ZBTB16,7.10547,Arciero2018,1
PER3,7.10383,Sheinfeldt2012,1
UTS2,7.10383,Sheinfeldt2012,1
VAMP3,7.10383,Sheinfeldt2012,1
ITGA8,7.09985,Sheinfeldt2012,1
SCAPER,7.08571,Sheinfeldt2012,1
KSR2,7.08571,Sheinfeldt2012,1
TEX15,7.07287,Sheinfeldt2012,1
SLC25A37,7.07235,Sheinfeldt2012,1
CHST6,7.07235,Sheinfeldt2012,1
LRRTM4,7.06335,Sheinfeldt2012,1
BCL6,7.04257,Ortiz.Barahona2010HRElocations,1
CCDC63,7.01192,Bigham2010,1
MYL2,7.01192,Bigham2010,1
C7orf71,7.00854,Sheinfeldt2012,1
KIAA0087,7.00854,Sheinfeldt2012,1
SKAP2,7.00854,Sheinfeldt2012,1
ARHGAP12,7.00822,Sheinfeldt2012,1
GDNF,7.00425,Bigham2014diffexprgenes,1
RNF168,7.0035,Hu2017,1
DYNLT1,7.00323,Eichstaedt2017,1
SYTL3,7.00323,Eichstaedt2017,1
TULP4,7.00323,Eichstaedt2014,1
CDCP1,6.99908,Sheinfeldt2012,1
CLEC3B,6.99908,Sheinfeldt2012,1
CPNE4,6.99908,Bigham2009,1
HES5,6.99908,Eichstaedt2014,1
MORN1,6.99908,Alkorta.Aranburu2012,1
PANK4,6.99908,Eichstaedt2014,1
SVOPL,6.98718,Sheinfeldt2012,1
RFX4,6.98681,Sheinfeldt2012,1
PAG1,6.97775,Ortiz.Barahona2010HRElocations,1
SLCO1B3,6.97775,Eichstaedt2014,1
ENTHD1,6.97025,Alkorta.Aranburu2012,1
FAM83F,6.97025,Alkorta.Aranburu2012,1
GRAP2,6.97025,Alkorta.Aranburu2012,1
APOL1,6.96925,Simonson2010,1
FBXL12,6.9666,Sheinfeldt2012,1
OLFM2,6.9666,Sheinfeldt2012,1
UBL5,6.9666,Sheinfeldt2012,1
ZNF846,6.9666,Sheinfeldt2012,1
SEMA3D,6.94262,Artigas2015,1
ZC3H18,6.93983,Hu2017,1
OR1A1,6.93969,Sheinfeldt2012,1
OR1A2,6.93969,Sheinfeldt2012,1
CPN1,6.93395,Simonson2010,1
AUH,6.92488,Sheinfeldt2012,1
TBC1D2,6.91676,Alkorta.Aranburu2012,1
MT1G,6.91485,Alkorta.Aranburu2012,1
GOSR2,6.90109,Sheinfeldt2012,1
WNT9B,6.90109,Sheinfeldt2012,1
BRI3,6.8976,Sheinfeldt2012,1
ADSS,6.89642,Sheinfeldt2012,1
ERVH48-1,6.89582,Eichstaedt2014,1
NDUFV3,6.89582,Eichstaedt2014,1
WDR4,6.89582,Eichstaedt2014,1
ARHGEF15,6.89039,Gou2014,1
PFAS,6.89039,Gou2014,1
RANGRF,6.89039,Gou2014,1
SLC25A35,6.89039,Gou2014,1
PLCB4,6.88895,Simonson2010,1
PAIP2B,6.88608,Simonson2010,1
PITPNC1,6.87895,Sheinfeldt2012,1
LSAMP,6.87439,Arciero2018,1
SLC35F3,6.87058,Sheinfeldt2012,1
PCSK6,6.84589,Alkorta.Aranburu2012,1
DOK6,6.84575,Artigas2015,1
PFN2,6.84574,Sheinfeldt2012,1
LINC02389,6.84396,Arciero2018,1
TBC1D30,6.84396,Sheinfeldt2012,1
ALMS1,6.82698,Clemente2014,1
KDELR2,6.81989,Sheinfeldt2012,1
ZNF675,6.81989,Udpa204,1
TOMM20,6.80792,Sheinfeldt2012,1
RAB31,6.79066,Alkorta.Aranburu2012,1
SLC25A33,6.79066,Sheinfeldt2012,1
SPSB1,6.79066,Sheinfeldt2012,1
H6PD,6.78693,Sheinfeldt2012,1
KCNN4,6.78411,Zhou2013,1
RGS16,6.78352,Sheinfeldt2012,1
RGS8,6.78352,Sheinfeldt2012,1
RNASEL,6.78352,Sheinfeldt2012,1
PA2G4P4,6.77469,Simonson2010,1
TIPARP,6.77469,Simonson2010,1
LRRC7,6.77469,Sheinfeldt2012,1
PIN1P1,6.77469,Sheinfeldt2012,1
ZDHHC23,6.77348,Sheinfeldt2012,1
CDA,6.77348,Sheinfeldt2012,1
LIMCH1,6.76893,Eichstaedt2014,1
ARHGAP26,6.76416,Sheinfeldt2012,1
TBCEL,6.75952,Sheinfeldt2012,1
TECTA,6.75952,Sheinfeldt2012,1
TMEM132C,6.75948,Eichstaedt2017,1
IZUMO3,6.74575,Artigas2015,1
SLC26A7,6.74575,Sheinfeldt2012,1
PTPN4,6.74575,Sheinfeldt2012,1
BEND7,6.74575,Simonson2010,1
SEPHS1,6.74575,Simonson2010,1
JAK1,6.74161,Clemente2014,1
DOC2B,6.73727,Sheinfeldt2012,1
CTBP2,6.73392,Ortiz.Barahona2010HRElocations,1
MCPH1,6.73234,Peng2010,1
OGDHL,6.71127,Arciero2018,1
BYSL,6.69355,Sheinfeldt2012,1
CCND3,6.69355,Sheinfeldt2012,1
OXR1,6.68778,Alkorta.Aranburu2012,1
AZIN1,6.6773,Clemente2014,1
C6orf120,6.66804,Sheinfeldt2012,1
LINC00242,6.66804,Sheinfeldt2012,1
PHF10,6.66804,Sheinfeldt2012,1
TCTE3,6.66804,Sheinfeldt2012,1
WDR27,6.66804,Sheinfeldt2012,1
GYS1,6.66246,Ortiz.Barahona2010HRElocations,1
KRT86,6.65595,Sheinfeldt2012,1
CGNL1,6.65157,Eichstaedt2014,1
ATP6V1F,6.64488,Sheinfeldt2012,1
KCP,6.64488,Sheinfeldt2012,1
ACTA2,6.64021,Sheinfeldt2012,1
FAS,6.64021,Sheinfeldt2012,1
STAMBPL1,6.64021,Sheinfeldt2012,1
IRS1,6.635,Sheinfeldt2012,1
RHBDD1,6.635,Arciero2018,1
SHC4,6.63235,Simonson2010,1
GOT2,6.63161,Arciero2018,1
SEC14L4,6.62345,Eichstaedt2017,1
ADAM12,6.62004,Simonson2010,1
LPL,6.6163,Sheinfeldt2012,1
CYB5A,6.60699,Sheinfeldt2012,1
EXTL3,6.60581,Simonson2010,1
INTS9,6.60581,Simonson2010,1
WIZ,6.59459,Ortiz.Barahona2010HRElocations,1
ANK3,6.59459,Simonson2010,1
HMGB2,6.59397,Simonson2010,1
SAP30,6.59397,Simonson2010,1
SCRG1,6.59397,Simonson2010,1
CCDC66,6.57973,Sheinfeldt2012,1
LEKR1,6.57018,Simonson2010,1
TAOK3,6.56613,Arciero2018,1
RCCD1,6.56516,Sheinfeldt2012,1
UNC45A,6.56516,Sheinfeldt2012,1
MYCBP2,6.56516,Sheinfeldt2012,1
CYP2B6,6.56033,Simonson2010apriorilist,1
CINP,6.56033,Sheinfeldt2012,1
FOXJ2,6.55929,Arciero2018,1
SLC2A3,6.55929,Ortiz.Barahona2010HRElocations,1
NAT2,6.55607,Sheinfeldt2012,1
DNAJB4,6.55438,Clemente2014,1
FUBP1,6.55438,Clemente2014,1
NEXN,6.55438,Clemente2014,1
AP4E1,6.55228,Sheinfeldt2012,1
TNFAIP8L3,6.55228,Sheinfeldt2012,1
CREG2,6.54753,Sheinfeldt2012,1
RFX8,6.54753,Sheinfeldt2012,1
C1orf112,6.54683,Sheinfeldt2012,1
METTL18,6.54683,Sheinfeldt2012,1
SELE,6.54683,Sheinfeldt2012,1
SELL,6.54683,Sheinfeldt2012,1
LINGO1,6.54605,Sheinfeldt2012,1
ASAP2,6.54333,Simonson2010,1
VGLL4,6.5278,Simonson2010,1
MYH11,6.52589,Simonson2010,1
OSCP1,6.52278,Eichstaedt2014,1
STK40,6.52278,Gou2014,1
CTNNA1,6.52181,Bigham2014diffexprgenes,1
LINC00331,6.52181,Sheinfeldt2012,1
OLFML1,6.51948,Sheinfeldt2012,1
PPFIBP2,6.51948,Sheinfeldt2012,1
SYT9,6.51948,Sheinfeldt2012,1
GCNT3,6.51832,Witt2019,1
CCDC106,6.51244,Sheinfeldt2012,1
U2AF2,6.51244,Sheinfeldt2012,1
ZNF580,6.51244,Sheinfeldt2012,1
ZNF581,6.51244,Sheinfeldt2012,1
ZNF784,6.51244,Sheinfeldt2012,1
C9orf170,6.51004,Sheinfeldt2012,1
LAMB1,6.50384,Eichstaedt2014,1
RNF114,6.50384,Simonson2010,1
SNAI1,6.50384,Simonson2010,1
TMEM189,6.50384,Simonson2010,1
UBE2V1,6.50384,Simonson2010,1
ARHGAP28,6.50384,Simonson2010,1
PNMA1,6.49379,Bigham2014diffexprgenes,1
DGKI,6.49375,Sheinfeldt2012,1
PYGL,6.49177,Arciero2018,1
SORCS1,6.49129,Sheinfeldt2012,1
MIMT1,6.47341,Sheinfeldt2012,1
ZIM2,6.47341,Sheinfeldt2012,1
MEMO1,6.45848,Sheinfeldt2012,1
CARD8,6.45848,Sheinfeldt2012,1
LIG1,6.45848,Sheinfeldt2012,1
PLA2G4C,6.45848,Sheinfeldt2012,1
TMEM196,6.45407,Sheinfeldt2012,1
TWISTNB,6.45407,Sheinfeldt2012,1
RAET1K,6.45407,Eichstaedt2014,1
RAET1L,6.45407,Eichstaedt2014,1
PPM1E,6.45407,Sheinfeldt2012,1
TRIM37,6.45407,Sheinfeldt2012,1
BDNF-AS,6.45407,Arciero2018,1
ADGRV1,6.44937,Arciero2018,1
DDX10,6.44937,Eichstaedt2017,1
EXPH5,6.44937,Sheinfeldt2012,1
C22orf34,6.44816,Sheinfeldt2012,1
LZTS1,6.44304,Alkorta.Aranburu2012,1
GDF10,6.44183,Eichstaedt2017,1
RBP3,6.44183,Alkorta.Aranburu2012,1
CYP2D6,6.44129,Alkorta.Aranburu2012,1
NAGA,6.44129,Alkorta.Aranburu2012,1
NDUFA6,6.44129,Alkorta.Aranburu2012,1
TNIP3,6.44039,Sheinfeldt2012,1
SLC9A3,6.43563,Arciero2018,1
UCN,6.43104,Simonson2010apriorilist,1
ARMS2,6.42176,Sheinfeldt2012,1
DMBT1,6.42176,Sheinfeldt2012,1
HTRA1,6.42176,Sheinfeldt2012,1
NOL11,6.41149,Sheinfeldt2012,1
NTNG1,6.41149,Sheinfeldt2012,1
DAPK1,6.40578,Sheinfeldt2012,1
LINC00290,6.40512,Sheinfeldt2012,1
CRKL,6.39899,Ortiz.Barahona2010HRElocations,1
SNAP29,6.39899,Sheinfeldt2012,1
FGF10,6.39329,Yang2017,1
BAG2,6.37384,Sheinfeldt2012,1
RAB23,6.37384,Sheinfeldt2012,1
ZNF451,6.37384,Sheinfeldt2012,1
KRTAP10-1,6.37384,Sheinfeldt2012,1
KRTAP10-2,6.37384,Sheinfeldt2012,1
TSPEAR,6.37384,Sheinfeldt2012,1
TSPEAR-AS1,6.37384,Sheinfeldt2012,1
CCRL2,6.37078,Alkorta.Aranburu2012,1
LIPA,6.35964,Sheinfeldt2012,1
SYT5,6.35865,Ortiz.Barahona2010HRElocations,1
WNT7A,6.34766,Sheinfeldt2012,1
DIAPH3,6.33469,Sheinfeldt2012,1
FBXW8,6.33469,Eichstaedt2014,1
IGF2R,6.33404,Alkorta.Aranburu2012,1
LOC729603,6.33404,Alkorta.Aranburu2012,1
SLC29A4,6.33042,Arciero2018,1
CCT6B,6.32931,Sheinfeldt2012,1
LIG3,6.32931,Sheinfeldt2012,1
ZNF830,6.32931,Sheinfeldt2012,1
MBD4,6.32572,Simonson2010,1
RPL32P3,6.32572,Simonson2010,1
MIR487A,6.31944,Artigas2015,1
EFNB2,6.30403,Sheinfeldt2012,1
CRMP1,6.30235,Alkorta.Aranburu2012,1
JAKMIP1,6.30235,Alkorta.Aranburu2012,1
GABRR1,6.29343,Simonson2010,1
RRAGD,6.29343,Ortiz.Barahona2010HRElocations,1
ZC3H3,6.29235,Gou2014,1
COPS7B,6.28474,Sheinfeldt2012,1
PDE6D,6.28474,Sheinfeldt2012,1
PTMA,6.28474,Sheinfeldt2012,1
NDUFA10,6.27444,Simonson2010,1
INPP5D,6.27444,Bigham2009,1
NGEF,6.27444,Clemente2014,1
RORB,6.272,Simonson2010apriorilist,1
MCMDC2,6.272,Arciero2018,1
SNHG6,6.272,Zhou2013,1
SNORD87,6.272,Zhou2013,1
FANCM,6.272,Sheinfeldt2012,1
HECW1,6.26732,Sheinfeldt2012,1
LINC01115,6.26732,Arciero2018,1
DYNC1H1,6.26597,Sheinfeldt2012,1
MOK,6.26597,Sheinfeldt2012,1
WDR20,6.26597,Sheinfeldt2012,1
PICALM,6.25703,Sheinfeldt2012,1
OR2AK2,6.25615,Sheinfeldt2012,1
OR2L2,6.25615,Sheinfeldt2012,1
OR2L5,6.25615,Sheinfeldt2012,1
OR2L8,6.25615,Arciero2018,1
C6orf106,6.25464,Clemente2014,1
SNRPC,6.25464,Clemente2014,1
MSTN,6.25464,Sheinfeldt2012,1
PMS1,6.25464,Simonson2010,1
SPATA8,6.25003,Sheinfeldt2012,1
RPS6KA2,6.2498,Sheinfeldt2012,1
FNDC3A,6.2498,Sheinfeldt2012,1
KCNK5,6.24876,Bigham2009,1
KIF6,6.24876,Alkorta.Aranburu2012,1
KCNIP1,6.24117,Sheinfeldt2012,1
USP33,6.23318,Clemente2014,1
BLNK,6.2213,Sheinfeldt2012,1
KDM5B,6.22065,Gou2014,1
SYT2,6.22065,Sheinfeldt2012,1
LINC01104,6.2204,Arciero2018,1
ASIC2,6.218,Arciero2018,1
PLCXD3,6.20657,Sheinfeldt2012,1
H1FOO,6.20657,Simonson2010,1
IFT122,6.20657,Simonson2010,1
RHO,6.20657,Simonson2010,1
C9orf129,6.19802,Simonson2010,1
WNK2,6.19802,Simonson2010,1
NAA40,6.18605,Sheinfeldt2012,1
OTUB1,6.18605,Sheinfeldt2012,1
AFAP1,6.18519,Sheinfeldt2012,1
SCAMP1,6.17978,Clemente2014,1
ADCY3,6.17915,Zhou2013,1
GRB14,6.17762,Bigham2014diffexprgenes,1
C1orf56,6.17658,Artigas2015,1
CA6,6.17614,Sheinfeldt2012,1
SLC2A5,6.17614,Sheinfeldt2012,1
SLC2A7,6.17614,Sheinfeldt2012,1
TBL1XR1,6.16911,Sheinfeldt2012,1
HNMT,6.16911,Sheinfeldt2012,1
CD226,6.1668,Bigham2014diffexprgenes,1
RASA2,6.16117,Arciero2018,1
ZBTB38,6.16117,Sheinfeldt2012,1
RPIA,6.1604,Sheinfeldt2012,1
CC2D2B,6.1596,Simonson2010,1
CCNJ,6.1596,Simonson2010,1
FSTL1,6.15771,Simonson2010,1
DGKG,6.14605,Simonson2010,1
MAP1B,6.14247,Sheinfeldt2012,1
HHIP,6.14247,Sheinfeldt2012,1
ZPBP,6.12535,Simonson2010,1
GLIS1,6.12141,Eichstaedt2017,1
DCAF5,6.119,Sheinfeldt2012,1
NKX2-8,6.11753,Sheinfeldt2012,1
CPS1,6.11732,Simonson2010apriorilist,1
EPPK1,6.10931,Alkorta.Aranburu2012,1
NRBP2,6.10931,Alkorta.Aranburu2012,1
PARP10,6.10931,Alkorta.Aranburu2012,1
PLEC,6.10931,Gou2014,1
PUF60,6.10931,Alkorta.Aranburu2012,1
SCRIB,6.10931,Alkorta.Aranburu2012,1
SPATC1,6.10931,Gou2014,1
BRAF,6.10931,Sheinfeldt2012,1
EIF3H,6.10818,Alkorta.Aranburu2012,1
TSEN2,6.10145,Simonson2010,1
INSM1,6.09307,Gou2014,1
RALGAPA2,6.09307,Sheinfeldt2012,1
IGF1,6.09307,Eichstaedt2014,1
OTX2,6.08874,Sheinfeldt2012,1
ZNF713,6.07837,Clemente2014,1
NOX3,6.07837,Simonson2010,1
PIEZO2,6.07422,Arciero2018,1
DEFA5,6.05629,Eichstaedt2017,1
RTN1,6.04678,Simonson2010,1
PPP1R3C,6.0403,Ortiz.Barahona2010HRElocations,1
GNAI3,6.0403,Simonson2010,1
GNAT2,6.0403,Simonson2010,1
GPR61,6.0403,Simonson2010,1
ZNF804B,6.03675,Arciero2018,1
LHFPL4,6.03469,Simonson2010,1
SETD5,6.03469,Simonson2010,1
PIP5K1C,6.03196,Simonson2010,1
ZFR2,6.03196,Hu2017,1
CAPG,6.00515,Sheinfeldt2012,1
ELMOD3,6.00515,Sheinfeldt2012,1
YY1,6.00126,Sheinfeldt2012,1
NCAM2,6.0011,Udpa204,1
